vid,x,y,z
0,-0.08682074,-0.59171249,-0.00000000
1,0.04947740,-0.59795651,-0.00000000
2,0.10332992,-0.58885279,-0.00000000
3,0.31907604,-0.50663858,-0.00000000
4,0.42529700,-0.42153628,-0.00000000
5,0.53469831,-0.27206240,-0.00000000
6,0.58992517,-0.10070605,-0.00000000
7,0.58930487,0.10532730,-0.00000000
8,0.55276487,0.23136848,-0.00000000
9,0.46491958,0.37688610,-0.00000000
10,0.38171289,0.46238686,-0.00000000
11,0.26605703,0.53576018,-0.00000000
12,0.07701513,0.59338520,-0.00000000
13,0.02063724,0.59831713,-0.00000000
14,-0.11386539,0.58803378,-0.00000000
15,-0.39876804,0.44582900,-0.00000000
16,-0.52020742,0.29600711,-0.00000000
17,-0.58163100,0.14269472,-0.00000000
18,-0.59797228,0.03780500,-0.00000000
19,-0.59186914,-0.09099958,-0.00000000
20,-0.53816359,-0.26441586,-0.00000000
21,-0.47555513,-0.36441277,-0.00000000
22,-0.40711584,-0.43955133,-0.00000000
23,-0.30796843,-0.51270808,-0.00000000
24,-0.26383026,-0.53750229,-0.00000000
25,-0.13952592,-0.58254778,-0.00000000
26,-0.01520572,0.00659105,0.04809905
27,0.00904075,-0.34267108,0.03251328
28,-0.28804687,0.00779425,0.03706011
29,-0.23804490,-0.26662005,0.03118476
30,0.35969157,-0.00344861,0.03090904
31,0.32101976,-0.28304439,0.02356551
32,-0.02155701,0.32615784,0.03396811
33,0.29885397,0.25756145,0.02746074
34,-0.30679997,0.30211958,0.02332088
35,-0.14077573,0.08434500,0.04447228
36,0.13146489,-0.15569618,0.04259161
37,-0.42613522,-0.21795052,0.01754299
38,0.21956818,0.44210515,0.01555735
39,-0.48437289,0.35050328,-0.00000000
40,0.26648809,-0.53585376,-0.00000000
41,-0.56767315,0.18789056,-0.00000000
42,-0.44349813,-0.40101059,-0.00000000
43,0.49886693,0.33075875,-0.00000000
44,0.46213348,-0.37987932,-0.00000000
45,0.59721004,0.04242015,-0.00000000
46,-0.17395794,0.57253779,-0.00000000
47,-0.59728995,-0.02566716,-0.00000000
48,-0.35055059,0.48470827,-0.00000000
49,0.20841743,0.15052146,0.03946189
50,0.37340988,-0.13575830,0.02707819
51,-0.20606198,0.33981728,0.02697710
52,0.14257416,-0.43353645,0.02026971
53,-0.42421342,0.11324555,0.02232549
54,-0.19844405,-0.42286987,0.01910411
55,0.21581852,0.49793747,0.00868243
56,-0.58074050,-0.14323406,-0.00000000
57,-0.04797511,0.59591267,-0.00000000
58,-0.59069897,0.09356038,-0.00000000
59,0.42514981,0.42055957,-0.00000000
60,-0.01338559,-0.59780932,-0.00000000
61,0.37316849,-0.46707592,-0.00000000
62,0.50194321,-0.32497943,-0.00000000
63,0.59705024,-0.03099376,-0.00000000
64,0.57360387,0.16857919,-0.00000000
65,-0.36191579,-0.47622380,-0.00000000
66,-0.14547744,-0.15824828,0.04203578
67,0.32394767,0.14477827,0.03142824
68,-0.07347101,0.43350729,0.02231928
69,-0.26997781,0.14198737,0.03563766
70,0.14517486,-0.21739984,0.03900312
71,0.46849997,-0.10924518,0.01712333
72,0.32131910,0.42825830,0.00978781
73,-0.17857759,-0.47241805,0.01409093
74,0.15956987,0.51486047,0.00917809
75,-0.50837615,-0.20949198,0.00752004
76,0.55894161,-0.21249868,-0.00000000
77,0.52896945,0.27884262,-0.00000000
78,-0.54481554,0.24748267,-0.00000000
79,0.20955803,-0.56004554,-0.00000000
80,-0.42081022,-0.32541374,0.01030889
81,0.38281338,0.06251385,0.02810319
82,-0.48752986,-0.03128464,0.01627333
83,0.05510022,0.43207939,0.02289169
84,-0.27611746,-0.23552566,0.03069713
85,0.02794033,0.12310311,0.04606902
86,-0.39359855,0.20810611,0.02151194
87,0.18943631,-0.39534254,0.02239263
88,-0.28382241,0.40099899,0.01571797
89,0.40251215,0.28779216,0.01547126
90,0.24544802,-0.13416370,0.03771507
91,-0.16532160,0.48110632,0.01341957
92,-0.53327239,0.06241813,0.00945379
93,0.50041145,-0.07029182,0.01382686
94,-0.24810403,-0.47097923,0.01028942
95,-0.47162190,-0.29585647,0.00663921
96,-0.20176325,-0.56276540,-0.00000000
97,0.11693313,0.41520203,0.02335143
98,0.40582430,0.01443113,0.02605735
99,-0.03843186,-0.16496706,0.04436994
100,-0.27687815,-0.08439707,0.03706093
101,-0.05055410,0.21809511,0.04152002
102,0.21884609,-0.29965073,0.02968604
103,0.41723470,-0.25541211,0.01601896
104,0.09563103,-0.47290545,0.01698042
105,0.24071068,0.21125181,0.03466228
106,-0.45261585,0.20294665,0.01511216
107,-0.31299506,-0.38257269,0.01555952
108,-0.36272142,0.32353634,0.01645604
109,-0.07583207,0.53474438,0.00908112
110,0.46071317,0.26878063,0.01012733
111,-0.10269118,-0.53891903,0.00775497
112,-0.51173780,-0.15129986,0.01004887
113,0.14609692,0.57974486,-0.00000000
114,0.32798737,0.49992775,-0.00000000
115,-0.50819985,-0.31488743,-0.00000000
116,-0.13474418,-0.00848560,0.04570010
117,0.15775713,0.03283176,0.04473672
118,-0.15286958,-0.37873611,0.02600601
119,0.12894819,0.24992463,0.03774931
120,-0.18273551,0.29042109,0.03237640
121,0.46138608,0.20622997,0.01396614
122,0.08558831,-0.19669787,0.04200321
123,-0.45187347,-0.12889331,0.01864946
124,0.29598767,-0.38003902,0.01697627
125,0.17445107,-0.33775351,0.02878376
126,0.53761872,0.06902072,0.00875795
127,-0.04323220,0.48501628,0.01646397
128,-0.45561272,0.29565841,0.00844792
129,0.43200632,-0.15150052,0.02013143
130,0.06514942,0.49110858,0.01525205
131,0.33859799,0.36531348,0.01502129
132,0.00549418,-0.54560683,0.00837587
133,-0.19498642,0.43657117,0.01757740
134,0.54642301,-0.05301915,0.00764574
135,0.21330612,0.55975431,-0.00000000
136,-0.56237535,-0.20375137,-0.00000000
137,-0.30478591,-0.44334026,0.00942151
138,-0.21944698,-0.22168844,0.03529053
139,0.24221838,0.33772233,0.02513234
140,0.40223996,-0.03911775,0.02632008
141,0.06519381,0.07500216,0.04687196
142,-0.06135189,-0.10417042,0.04621532
143,-0.08282878,0.33387919,0.03238145
144,0.20369716,-0.23936236,0.03491005
145,-0.42758183,0.05593826,0.02334688
146,0.02797420,-0.39949860,0.02673684
147,-0.21735710,0.24209513,0.03400109
148,0.41087862,0.22841207,0.01864405
149,0.37981081,-0.30043228,0.01664318
150,0.20701835,-0.50450068,0.00820265
151,-0.40857638,-0.16857655,0.02211853
152,-0.35606284,0.26010304,0.02208298
153,-0.25786730,-0.40860596,0.01703605
154,-0.42190229,-0.26752091,0.01479213
155,0.52692996,0.12577375,0.00882485
156,-0.01372668,0.53812135,0.00924116
157,0.52590763,-0.10828559,0.00941337
158,0.26757587,0.42267218,0.01465253
159,0.10050588,0.53142969,0.00892113
160,-0.48453460,0.24758652,0.00839082
161,-0.35876732,-0.41013082,0.00838259
162,-0.10919380,0.04400679,0.04625089
163,0.21478527,0.03666088,0.04188844
164,-0.21862535,-0.07218235,0.04111409
165,-0.07597822,-0.28433367,0.03667265
166,0.04926439,0.18196883,0.04347428
167,0.06975181,-0.35884865,0.03031677
168,0.28892980,-0.17270674,0.03292414
169,0.01628169,0.37637103,0.02930265
170,0.17385965,0.40265636,0.02248755
171,-0.53839711,-0.05616405,0.00878534
172,-0.32810913,0.14281258,0.03095832
173,0.30656305,0.19994795,0.03037392
174,-0.34069461,-0.01758171,0.03267969
175,-0.26859182,-0.34962031,0.02230700
176,-0.05664221,-0.50805805,0.01322377
177,0.24990747,-0.41614802,0.01652161
178,0.06984786,-0.13557003,0.04503755
179,0.45377288,-0.05725111,0.02010512
180,0.50559153,-0.21366247,0.00779559
181,0.15907207,-0.27846358,0.03437281
182,0.42883054,0.10794350,0.02202905
183,0.43654748,-0.31449344,0.00920250
184,-0.36639352,-0.35190261,0.01368356
185,-0.40206558,0.29429346,0.01473685
186,0.10382448,-0.52638416,0.00952092
187,-0.47354476,-0.24218409,0.01023191
188,0.54430743,0.00670049,0.00832199
189,-0.10337468,0.48344922,0.01540884
190,0.04351755,0.54088180,0.00864367
191,-0.37399762,-0.22272426,0.02299638
192,-0.47931947,0.08872051,0.01639149
193,-0.24609952,0.43547897,0.01455428
194,0.29230832,0.09434185,0.03563929
195,-0.20160406,-0.17082728,0.03895492
196,-0.22982539,0.03392975,0.04096187
197,0.24833085,-0.01928101,0.03993065
198,-0.05431014,-0.22965474,0.04076234
199,-0.07484460,0.15695619,0.04413493
200,0.13233931,0.35761999,0.02883445
201,0.07957102,-0.03356773,0.04714192
202,-0.03190861,-0.39075937,0.02767470
203,0.01012785,0.21813273,0.04180195
204,-0.37836974,0.15163277,0.02585491
205,-0.24569890,0.29247810,0.02861417
206,0.23507253,-0.35820362,0.02351460
207,-0.13491774,0.43439060,0.02046498
208,0.36058511,-0.24137461,0.02286966
209,0.35581384,0.24463635,0.02330405
210,0.49948956,-0.02197531,0.01459683
211,-0.01106889,0.43174864,0.02329252
212,-0.48330308,0.02884861,0.01676695
213,-0.32312520,0.36216654,0.01654587
214,0.40002287,-0.36027378,0.00923508
215,0.51249147,0.18436397,0.00833273
216,-0.11577330,-0.48494692,0.01493597
217,0.28502356,0.37778377,0.01825223
218,-0.44063975,-0.06851926,0.02165363
219,-0.32177500,-0.32194287,0.02057416
220,0.41093073,-0.09495397,0.02438751
221,0.12368023,0.08412116,0.04522957
222,0.30803165,-0.43919821,0.00945221
223,-0.54151249,-0.10772340,0.00724441
224,0.12947634,-0.37693343,0.02690291
225,0.45298756,-0.20815115,0.01489381
226,0.48403256,0.09007966,0.01570254
227,0.04800801,-0.50957523,0.01301986
228,-0.21236763,-0.36798412,0.02417633
229,-0.13326111,0.52876300,0.00823572
230,-0.41771643,0.34126784,0.00904545
231,-0.09879337,-0.19174337,0.04198322
232,0.28139900,-0.07507684,0.03687100
233,-0.33068863,0.04300259,0.03329281
234,-0.24148507,-0.12763169,0.03830624
235,0.26685877,0.15161158,0.03571162
236,-0.13316018,-0.43182953,0.02096794
237,-0.15493049,0.24168796,0.03711794
238,0.03869956,0.31463569,0.03486689
239,0.11708521,-0.09029724,0.04524707
240,-0.07387321,-0.00157172,0.04738977
241,-0.21001537,0.14221225,0.03951437
242,0.04108385,-0.23914183,0.04029298
243,0.05259079,-0.29960275,0.03581850
244,-0.00883354,-0.48629675,0.01654701
245,-0.22574428,-0.31406233,0.02830802
246,0.16575349,0.45853065,0.01635570
247,0.33943801,-0.34186903,0.01700068
248,-0.49352493,-0.09160117,0.01439466
249,-0.37808373,0.38263797,0.00932646
250,0.20157908,-0.45128717,0.01539060
251,-0.10777048,0.38490772,0.02682201
252,0.22878774,0.38858319,0.02100358
253,-0.22713461,0.38934010,0.02088994
254,0.49387354,0.03332466,0.01528542
255,0.39675363,-0.19612350,0.02192664
256,0.50131883,0.23505694,0.00704143
257,0.00662703,0.06502593,0.04758841
258,-0.28674804,0.24223692,0.02931912
259,0.24756370,-0.20132892,0.03449301
260,-0.47233156,0.14689317,0.01531246
261,0.01521657,0.48528988,0.01660587
262,0.47234831,0.14702634,0.01542412
263,-0.37235321,-0.29118627,0.01836191
264,0.35670407,-0.39971261,0.00958372
265,-0.39573000,-0.10775725,0.02580044
266,0.47335753,-0.26397558,0.00875540
267,-0.50676726,0.19226216,0.00866781
268,-0.05191586,-0.55423748,0.00650550
269,0.36535927,0.18676249,0.02572164
270,0.26011475,-0.47250904,0.00911264
271,-0.16006113,-0.06101166,0.04424621
272,0.17964538,-0.11858508,0.04194558
273,0.27042257,0.03771138,0.03827505
274,0.06284644,0.24850228,0.03954658
275,-0.13591640,-0.27827634,0.03546754
276,0.13438790,-0.02537955,0.04566011
277,0.17194701,0.20033129,0.03900072
278,-0.24592519,0.09340604,0.03884377
279,-0.09127441,-0.38698676,0.02715273
280,-0.05170253,0.05498341,0.04737497
281,-0.43434289,-0.00622451,0.02295400
282,-0.12130597,0.28935857,0.03499030
283,0.10787243,0.19428220,0.04168304
284,0.34111936,-0.18277894,0.02807979
285,0.11396440,-0.31834530,0.03285999
286,0.29541798,0.32062538,0.02282431
287,-0.33945788,0.20190268,0.02720169
288,0.34844885,-0.07125916,0.03135143
289,-0.36898747,0.08865852,0.02891761
290,0.02543916,-0.17472274,0.04400232
291,-0.31801424,-0.19842839,0.02953676
292,0.08490268,-0.41699262,0.02394429
293,0.11094329,0.47294343,0.01658793
294,0.44996068,-0.00323219,0.02101461
295,0.39765521,0.35239160,0.01043363
296,0.41912729,0.16782387,0.02094025
297,-0.04569564,0.38138699,0.02849579
298,-0.46364520,-0.18455113,0.01486543
299,0.15605335,-0.53745434,0.00617971
300,0.27897003,-0.32121108,0.02386387
301,-0.26592708,0.34625771,0.02258056
302,-0.01154400,-0.28027960,0.03773658
303,-0.32602037,-0.26004502,0.02507255
304,0.26967774,0.47128995,0.00864500
305,-0.15625526,-0.52294353,0.00826355
306,0.20354113,0.30392024,0.03034488
307,-0.19498776,-0.01561322,0.04305009
308,-0.27910734,0.05479034,0.03728246
309,-0.03651831,-0.05203996,0.04760099
310,-0.15788961,-0.21762984,0.03865298
311,0.19154759,-0.01840232,0.04323294
312,0.08756465,0.13420491,0.04479423
313,-0.14318292,0.13945556,0.04285280
314,0.30592759,-0.01732265,0.03568615
315,0.23847946,0.09434964,0.03947038
316,0.00397067,-0.10948706,0.04659369
317,0.30382195,-0.22575660,0.02891366
318,-0.11242753,-0.33238550,0.03182910
319,0.09695057,0.30567286,0.03456654
320,0.04038507,-0.45556879,0.02015918
321,-0.35586417,-0.15342483,0.02824690
322,0.44113099,0.32327885,0.00805504
323,-0.33897233,-0.08578007,0.03196917
324,-0.00225297,0.26808010,0.03863832
325,-0.16872507,0.38700461,0.02432488
326,-0.24219784,0.19308224,0.03529739
327,-0.26096991,-0.18148222,0.03479324
328,0.09948540,-0.25843219,0.03789579
329,0.19245055,-0.17715649,0.03898632
330,-0.21161358,-0.50915969,0.00736132
331,0.37799448,0.12771034,0.02693117
332,-0.00757935,-0.21779038,0.04179125
333,0.35023290,0.30551787,0.01936149
334,-0.06643571,-0.44616106,0.02108289
335,0.15192102,-0.48758454,0.01320224
336,0.44067069,0.05266917,0.02178737
337,-0.42333061,0.25140424,0.01556318
338,-0.42423396,0.16431300,0.02034433
339,-0.03216799,0.11230999,0.04634368
340,0.18183324,0.09102976,0.04272287
341,-0.30616079,0.09531955,0.03435658
342,0.24561029,0.27725477,0.02992908
343,-0.09833430,-0.05446230,0.04646364
344,-0.18326567,-0.11554203,0.04193626
345,-0.09109898,0.10102944,0.04567166
346,0.31304944,-0.12601063,0.03294492
347,0.04290062,0.01608062,0.04786938
348,0.32519869,0.04257214,0.03383926
349,-0.06086933,0.28009054,0.03721092
350,0.22140069,-0.07417500,0.04087485
351,0.07510220,0.36766699,0.02946159
352,0.37021680,0.40456284,0.00781330
353,-0.18914273,-0.26960455,0.03379737
354,0.26200206,-0.26236594,0.02971105
355,-0.05136781,-0.33564616,0.03284209
356,-0.00988414,-0.43669905,0.02264444
357,-0.23104783,0.48537652,0.00950486
358,-0.18023596,0.19156380,0.03891977
359,-0.41022536,-0.37908295,0.00634004
360,0.48852457,-0.15914636,0.01277011
361,-0.16892640,0.03703039,0.04411957
362,-0.19056483,0.08942824,0.04218534
363,-0.11675838,0.19635024,0.04118552
364,0.02059241,-0.04331395,0.04782964
365,0.18796596,0.35020778,0.02711828
366,-0.12455745,-0.10437211,0.04463512
367,0.14732404,0.14317367,0.04262151
368,-0.14480924,0.33784520,0.03009612
369,-0.38234748,0.02142689,0.02862876
370,-0.29338091,0.18681538,0.03187376
371,0.16786184,-0.06678008,0.04374751
372,0.34102028,0.09378712,0.03147345
373,-0.17076246,-0.32457191,0.03032289
374,-0.27836550,-0.29264012,0.02650473
375,-0.30075669,-0.13816261,0.03365603
376,-0.53716978,0.00408827,0.00952662
377,0.57914033,-0.15018460,-0.00000000
378,-0.10557537,-0.23981805,0.03903201
379,-0.09234182,-0.14420977,0.04421404
380,0.16103989,-0.57705969,-0.00000000
381,0.19064707,0.25369301,0.03485735
382,-0.09954304,0.24419151,0.03882655
383,0.10052353,0.02522830,0.04674270
384,-0.30098332,-0.04321406,0.03583540
385,-0.52735870,0.12832746,0.00872365
386,0.05769150,-0.08370888,0.04672030
387,-0.01251668,0.16827411,0.04439207
388,-0.33777967,0.41990917,0.00909744
389,0.15413485,0.30259055,0.03287727
390,-0.43981417,0.40667426,-0.00000000
391,-0.19017565,0.51988329,0.00689082
392,-0.28954584,0.45624726,0.00893966
393,-0.29349857,0.52307448,-0.00000000
394,-0.25032158,-0.02798606,0.03969865
395,-0.23706895,0.54889377,-0.00000000
396,-0.38831160,-0.04464334,0.02781885
397,0.06115120,-0.55853938,0.00571045
398,0.54006012,-0.15431698,0.00576543
