sample_id,group,motif,sf_wale,sf_course,pressure,cable_angle,crown_height,cable_tension,mean_stress,L_def_mm,L_flat_mm,L_ratio
151,motif1_cable,1,1.1820259673899989,1.2910910114664405,915.763299362468,23.901080795762088,0.06589244,0.0,4249.24398326,3901.8103293535696,1196.27364,3.2616369690747096
153,motif1_cable,1,1.3380032546873002,1.0905998830127002,715.0377283578024,141.5646185450253,0.0772544,0.0,2194.43562402,3907.310278020631,1196.27364,3.266234536456585
155,motif1_cable,1,1.262151202716652,1.3669841076994296,860.1933752840586,81.35363324397971,0.04726459,0.0,5457.80717263,3887.689391162558,1196.27364,3.2498328652987443
154,motif1_cable,1,1.3249511370006366,0.96332890010979,820.5008531839723,17.847526769445565,0.11579808,97.79450355,1949.47094326,3959.082411385231,1196.27364,3.30951237158852
157,motif1_cable,1,0.9293127940260364,1.2058618789559103,735.4426443631102,32.51137174903227,0.08715491,0.0,3041.8773654,3930.9555701865015,1196.27364,3.2860003252989025
158,motif1_cable,1,1.2264286816294554,0.985593095359219,399.3197822025143,70.01153189760088,0.09137787,0.0,1258.04307839,3920.74692275192,1196.27364,3.277466619386448
152,motif1_cable,1,1.0091033936491225,0.954817586857611,575.2111746336265,19.486882002701293,0.19817051,233.49607746,619.46665757,4147.734519850703,1196.27364,3.467212167151575
160,motif1_cable,1,0.9156284936279292,0.86388905109402,1047.569187086198,98.344845594909,0.0,0.0,1566.49083088,3871.726376752327,1196.27364,3.236488916325472
161,motif1_cable,1,0.8261390893787138,0.827251081990704,300.5785919886113,143.47210164629638,0.0,0.0,2004.63043199,3871.726376752327,1196.27364,3.236488916325472
162,motif1_cable,1,0.8940573735913939,1.2463565869420106,1003.2006570700324,2.3909459818155616,0.09142659,66.37245502,3719.2815399,3921.601540220271,1196.27364,3.2781810190353036
156,motif1_cable,1,1.0052110352678127,0.8775692894889229,244.3541396609159,104.62655742649926,0.21295518,0.0,580.27579727,4270.865807308434,1196.27364,3.5701411988886043
163,motif1_cable,1,0.8964025806212103,1.1711518274541397,691.7465608675714,7.346108297075766,0.09766356,74.68094918,2617.99214014,3932.3451174091615,1196.27364,3.287161888319434
165,motif1_cable,1,1.1242653856583045,0.8163318243292051,510.4767451115653,110.03762012870708,0.0,0.0,2193.37705759,3871.726376752327,1196.27364,3.236488916325472
164,motif1_cable,1,1.0955248726756448,1.323033126565167,949.6776750997908,58.38863877330269,0.0636976,0.0,4721.81224559,3902.601335808902,1196.27364,3.262298194423897
167,motif1_cable,1,1.1889069168414046,1.30049797199334,936.409217348877,176.56685267272334,0.06499663,0.0,4398.70056099,3895.923612587576,1196.27364,3.256716090966927
166,motif1_cable,1,0.8223384225847633,1.3629100927012507,328.3982061496141,101.70714995965707,0.01822492,0.0,5402.03125111,3873.621571919022,1196.27364,3.238073165199078
168,motif1_cable,1,1.1700204349593648,1.0646925815843593,1056.82163745842,21.73856642909538,0.15820132,0.0,1696.15031313,4021.522896327661,1196.27364,3.361708192723917
170,motif1_cable,1,1.355067985677988,0.977717939664736,226.7956110291937,173.5158704875044,0.03338286,0.0,1982.37642492,3878.7024230493203,1196.27364,3.242320396735751
171,motif1_cable,1,1.350071598748881,1.2283679650958357,255.2250747601564,78.28466839550512,0.01921601,0.0,3505.86032831,3873.9268847871376,1196.27364,3.2383283851236064
169,motif1_cable,1,0.8475574995153825,1.1244968489443496,1182.6895799630884,138.62191205362112,0.18072258,0.0,2603.5241092,4094.445873225995,1196.27364,3.422666634388095
172,motif1_cable,1,0.991242904900174,1.0527595349077474,886.041445339623,4.67024437928229,0.17856651,241.74998892,1421.25405831,4081.8380996425026,1196.27364,3.4121274290073824
173,motif1_cable,1,1.201567686475305,1.1542751627633636,838.1577067576177,11.195084248112426,0.09317894,63.72358804,2424.38009973,3925.0446175093925,1196.27364,3.2810591876866844
175,motif1_cable,1,1.3468641570898967,1.195783013435168,848.3532819377222,147.69692437619366,0.06798118,0.0,3219.05117027,3900.4304860294224,1196.27364,3.260483517825757
174,motif1_cable,1,0.9608437478786724,1.0257238425636603,611.9722092288332,154.53001989842824,0.18653698,0.0,1117.4295277,4097.913890199179,1196.27364,3.4255656508482293
177,motif1_cable,1,0.8515825641715015,0.8033420560001603,419.117322985285,52.98349775404671,0.0,0.0,2208.52110814,3871.726376752327,1196.27364,3.236488916325472
150,motif1_cable,1,1.0186762749037483,1.27460708984627,1045.095196702062,111.43790277923294,0.08490673,0.0,4050.18423623,3924.809232247482,1196.27364,3.280862422286161
178,motif1_cable,1,1.0535184334688057,1.074305497744498,1147.7561557851463,36.8151424622583,0.18827208,0.0,1825.55548872,4100.444050775308,1196.27364,3.4276806858130793
179,motif1_cable,1,0.9712110920855064,1.2603690260462086,757.4898256040536,61.77247960229512,0.06796783,0.0,3767.03315602,3897.1327201844388,1196.27364,3.2577268192455024
181,motif1_cable,1,1.1555094627882692,0.9900350137762544,487.9701996015718,132.35788662481391,0.13140046,0.0,959.73898878,3977.075963771752,1196.27364,3.3245537064343846
176,motif1_cable,1,1.086191961469662,0.8724664842276332,348.43421073894115,65.3604223483575,0.18748297,0.0,890.70913664,4171.968197239361,1196.27364,3.487469804349581
180,motif1_cable,1,1.2986933543574963,1.14706806742079,496.2876054977232,151.0753237234203,0.05088471,0.0,2448.05303573,3887.502515136982,1196.27364,3.249676650182631
184,motif1_cable,1,0.9528452484547812,1.3293975984613906,236.023755955924,128.58796249167395,0.01601971,0.0,4746.366035,3873.5562497031556,1196.27364,3.238018560455078
185,motif1_cable,1,1.1980515692273048,1.373991518242362,1061.8180234205963,60.969541869658144,0.05840763,0.0,5571.22061049,3894.6763121791073,1196.27364,3.2556734362040345
183,motif1_cable,1,0.918717376488549,1.058955249094255,784.8445641017037,108.66382537240553,0.18719929,0.0,1623.84642561,4096.206592230765,1196.27364,3.4241384707187605
187,motif1_cable,1,0.9973981648012652,1.3073638062941098,1117.2142160235314,94.39784248176312,0.07963715,0.0,4561.43767481,3907.786053179619,1196.27364,3.266632250778024
188,motif1_cable,1,0.8409266358831562,0.8467700901223922,726.1790167900078,40.81452815234896,0.0,0.0,1802.34545242,3871.726376752327,1196.27364,3.236488916325472
189,motif1_cable,1,0.8522741842135867,1.2858211275492666,546.5642191213726,16.47705663210667,0.04356099,14.79833114,4178.65110261,3888.1186689882124,1196.27364,3.2501917111441267
186,motif1_cable,1,1.0880599330555638,0.9135451105676388,385.8729402469037,87.56556665376506,0.18304887,0.0,866.05060213,4104.337729699988,1196.27364,3.4309355255040046
191,motif1_cable,1,1.3841744666044509,1.3537537302301217,831.3186093796036,15.463275790091329,0.04347847,14.70483827,5408.26736383,3882.6737798292447,1196.27364,3.245640169609727
192,motif1_cable,1,1.367041637132152,1.3355800940757545,527.8855517553168,135.1378954409332,0.02950884,0.0,5061.54373114,3876.839567630044,1196.27364,3.2407631815995246
190,motif1_cable,1,0.8330566546383715,1.0172503064974228,210.79154363464585,9.333303875799144,0.13709411,105.22060252,757.22838335,4215.799241592406,1196.27364,3.52410945174083
194,motif1_cable,1,1.2442258772215893,1.1359097098835784,1008.622416319605,62.93915773861388,0.10968664,0.0,2394.72469421,3946.579056297944,1196.27364,3.2990604526719696
195,motif1_cable,1,1.2570232988546104,0.9243814247745934,645.4726289243159,141.9111434876862,0.13552576,0.0,1718.3723091,3983.053660446522,1196.27364,3.3295506372994415
196,motif1_cable,1,1.2492699916527772,1.2665799225261252,449.1108186318543,45.732487368267904,0.03391623,0.0,3845.32002669,3878.5998348468115,1196.27364,3.2422346402674327
193,motif1_cable,1,0.957752922932796,0.919165895888589,1106.5822317183388,115.8401828880726,0.30216935,0.0,1109.03213124,4461.06891643276,1196.27364,3.729137521104921
198,motif1_cable,1,1.150408294942174,0.933193421943668,1161.631330763693,71.68916368160043,0.23229314,0.0,1381.4782727,4211.089376332371,1196.27364,3.520172338105161
197,motif1_cable,1,0.8633974693371353,0.9448277779824232,656.3473585943566,155.15546098053468,0.27162988,0.0,987.74087912,4409.820013744032,1196.27364,3.6862970697440365
199,motif1_cable,1,1.2397044178185537,0.9280255955828308,678.1919932913421,112.69732020707131,0.14652208,0.0,1615.26767924,4012.9692845768227,1196.27364,3.3545579793740363
200,motif1_cable,1,1.3741411161013084,0.903199712539055,282.00986156233614,5.848978537124368,0.05719237,44.72533594,2390.43855184,3906.672042312959,1196.27364,3.265701016627734
202,motif1_cable,1,1.0999560856290354,1.349537895590298,623.3296682466021,89.16263525273939,0.03862735,0.0,5071.39735335,3883.369909632016,1196.27364,3.246222084799943
203,motif1_cable,1,0.8360586591210912,1.103158430389822,1081.1157370174228,75.33841217330723,0.18828951,0.0,2375.96667444,4109.080907189338,1196.27364,3.434900485803013
204,motif1_cable,1,1.2554126290055136,1.201484087947413,408.23142274211216,135.636913178072,0.0379653,0.0,2953.49300892,3880.5029558027377,1196.27364,3.2438255145392474
205,motif1_cable,1,1.1314525775170785,1.1309004417633648,964.8537558285798,99.50004008354745,0.12702309,0.0,2190.13772166,3976.635952430978,1196.27364,3.324185888130895
206,motif1_cable,1,0.8304099686742665,0.9982196186138164,1170.312493859701,39.51878685122242,0.27699179,0.0,1805.35023306,4425.898819990556,1196.27364,3.6997378124879163
207,motif1_cable,1,0.943408257422632,0.9426874940017312,439.63401766318384,172.00645932223645,0.23286113,0.0,574.44532705,4239.412329540997,1196.27364,3.54384832013936
208,motif1_cable,1,1.3127511653391326,0.8395179775401787,669.534439452737,28.927183713155912,0.13457196,100.00918824,2245.11696955,4097.972446316457,1196.27364,3.425614599613227
209,motif1_cable,1,0.9057762515420802,1.326833290583191,753.0412794749792,44.233610472119125,0.05022804,0.0,4810.37573897,3893.807454284982,1196.27364,3.25494713256825
210,motif1_cable,1,0.8014296339273019,0.8070130794394569,871.5403523122424,114.32348610260246,0.0,0.0,2219.07081429,3871.726376752327,1196.27364,3.236488916325472
211,motif1_cable,1,1.1365204167851743,1.2710279907748696,1128.919141024701,165.00776491191397,0.08779719,0.0,4015.72638629,3926.402928881938,1196.27364,3.282194639749764
212,motif1_cable,1,1.1030771882773287,0.936467739517404,516.0348647845467,34.29553793462195,0.18550954,0.0,891.62960347,4092.7406078311783,1196.27364,3.421241153346135
213,motif1_cable,1,1.1093832872700513,1.038323401258151,1096.2002713158204,102.25137068312554,0.19093279,0.0,1501.52629208,4092.60875323528,1196.27364,3.4211309322466392
214,motif1_cable,1,1.2132510406621906,1.1098188065170778,429.0448755085529,2.943809339353025,0.05987902,29.93992225,1791.88289458,3893.4960991604985,1196.27364,3.2546868617455273
215,motif1_cable,1,1.3080676231112105,1.2118629400517813,462.7822214560595,163.90667257693178,0.03848522,0.0,3213.88353196,3880.5837862020676,1196.27364,3.243893083025777
216,motif1_cable,1,1.062624419911245,1.0685276960833845,376.3885063267709,167.66285862802448,0.0972607,0.0,1111.80385489,3927.4261989145693,1196.27364,3.283050020992329
217,motif1_cable,1,1.2352696771780296,0.8570729595757026,895.068838473254,124.7599272285113,0.18763344,0.0,1944.36472816,4173.226387070921,1196.27364,3.488521561898599
218,motif1_cable,1,0.8167384294052699,0.8812250071729041,476.1629400787551,73.76185909313747,0.0,0.0,1505.89222822,3871.726376752327,1196.27364,3.236488916325472
219,motif1_cable,1,0.8834538618121816,1.0507954963244983,277.93150842811394,125.67250962949652,0.1274628,0.0,1044.63364314,4102.367236858567,1196.27364,3.4292883331096116
220,motif1_cable,1,0.911248486624454,1.0125198018624904,358.8121840028757,159.32644730252912,0.17431201,0.0,908.65715417,4091.8514263069774,1196.27364,3.420497860595656
221,motif1_cable,1,1.275769259818153,1.1376827380426258,294.5073671812562,10.104242698127512,0.03308235,7.97326529,2230.5357758,3878.197444641292,1196.27364,3.2418982705673365
222,motif1_cable,1,1.3793150416599458,0.9220850620437578,321.700386354516,133.93359369258073,0.0481699,0.0,2366.54519667,3885.0634249607183,1196.27364,3.247637743619193
223,motif1_cable,1,1.3918196587421146,1.179284683015862,200.15532705870427,137.36286628594385,0.01601885,0.0,3075.95572848,3873.2802015686584,1196.27364,3.237787803774276
224,motif1_cable,1,0.9347439559717136,0.9682554476652864,360.6453269755527,96.22879520918748,0.20668016,0.0,593.024857,4170.3674897012015,1196.27364,3.4861317262672467
225,motif1_cable,1,1.0641478445510164,1.2166867889469837,854.0902262562844,160.7260491184454,0.0880247,0.0,3157.38866482,3917.510988288177,1196.27364,3.274761607459793
226,motif1_cable,1,1.0318214662522385,1.3376304859676809,420.43349018140486,113.05645677021354,0.02761579,0.0,4860.70917801,3877.6007008750717,1196.27364,3.2413994350615902
227,motif1_cable,1,0.9456066772834896,0.8533199676839924,908.6217211338115,40.448715623784864,0.0,0.0,1663.75228254,3871.726376752327,1196.27364,3.236488916325472
228,motif1_cable,1,1.0723175397714158,1.0085563156639263,588.0904764559918,27.560095052284016,0.16332525,114.84565258,846.97781048,4031.7755527295935,1196.27364,3.370278687014782
229,motif1_cable,1,1.194780669471165,0.8355758958040997,922.2539478259654,88.7770638215947,0.21492158,0.0,1776.61731773,4235.637026895031,1196.27364,3.540692434629783
230,motif1_cable,1,0.8846715552818433,1.149371179804506,1069.0299283397665,67.16428625208717,0.1525455,0.0,2672.25551698,4038.658854390297,1196.27364,3.3760326394806275
231,motif1_cable,1,1.303328917694545,1.243829794573909,524.6995752969128,149.5607822108321,0.03988857,0.0,3631.03933794,3881.995132510587,1196.27364,3.2450728685374925
232,motif1_cable,1,1.2193279838336015,0.9574533994462532,266.7016671832512,170.57355829876076,0.0776692,0.0,1292.27355914,3907.110450853914,1196.27364,3.266067495104142
233,motif1_cable,1,0.8702289031116351,1.0338073954164206,470.1653152189826,151.55669567842062,0.17604787,0.0,1224.54313245,4156.39397112864,1196.27364,3.4744508548467565
234,motif1_cable,1,1.176887517770392,1.156781675443993,1092.831057214772,107.54563269107152,0.12060218,0.0,2571.50716906,3959.7054596458347,1196.27364,3.3100331957877427
235,motif1_cable,1,1.3338047927084458,1.1123574825601,943.6465329387626,46.91499637593047,0.09432235,0.0,2412.60620169,3925.514820232756,1196.27364,3.2814522438467812
236,motif1_cable,1,1.2424299770009612,1.0972078168744517,584.993913549919,55.44662695986084,0.07864766,0.0,1826.78417437,3908.441456584164,1196.27364,3.2671801215850285
237,motif1_cable,1,0.8679170696991587,1.3842405938787796,440.530348193874,55.08829970801949,0.0230465,0.0,5728.72838749,3876.9205679877396,1196.27364,3.2408308921592055
238,motif1_cable,1,1.281902333497421,1.0761334640538245,222.32853020044885,77.82320882687775,0.03092263,0.0,1711.15047995,3877.3697969179366,1196.27364,3.241206415714332
239,motif1_cable,1,1.0038028866621092,0.9814834526553612,563.7698963972516,106.39746728676111,0.20220075,0.0,740.14341587,4132.209525233787,1196.27364,3.454234371689229
240,motif1_cable,1,1.1209520359880123,0.8310432395730455,998.174382991184,12.288780013731737,0.0,0.0,2044.15778652,3871.726376752327,1196.27364,3.236488916325472
241,motif1_cable,1,1.3925126209747432,0.8403594319050613,1028.4559814968964,90.82017895994632,0.13463805,0.0,2809.24559535,3993.6180590180834,1196.27364,3.3383817259553457
242,motif1_cable,1,1.3415609613079311,1.117632891677586,1036.9587307346558,122.30624036185765,0.09956762,0.0,2519.45505386,3932.0999811981765,1196.27364,3.286956971816396
243,motif1_cable,1,0.8732684725480839,0.9079300285535176,538.8599438158783,44.44248044532475,0.28525844,0.0,714.72500044,4469.8014098229,1196.27364,3.7364372668304386
244,motif1_cable,1,1.1061355146217824,1.0050071927221678,556.2489880203448,31.930687600493226,0.15185075,0.0,878.55371687,4013.4844480178876,1196.27364,3.3549886195083998
245,motif1_cable,1,1.1585091994819414,1.283089610809434,959.147911849653,166.5078384368866,0.07168529,0.0,4134.8806183,3902.9914978553297,1196.27364,3.2626243422494294
246,motif1_cable,1,1.3608211093346307,1.2151703349686065,337.7483253059406,95.96350559215672,0.02587612,0.0,3382.51413044,3875.7078724295507,1196.27364,3.2398171645991893
247,motif1_cable,1,0.967259307401748,0.8956681044641295,260.6458860251618,76.73638498158789,0.23071754,0.0,426.81608353,4256.647640450314,1196.27364,3.55825581883616
248,motif1_cable,1,0.8054888346353611,0.822212072338458,1142.2722412819812,25.21611698434752,0.0,0.0,2074.00946459,3871.726376752327,1196.27364,3.236488916325472
249,motif1_cable,1,1.0718113504236264,1.0625573342452588,650.9472177879593,175.57144808403325,0.14011791,0.0,1295.95015695,3989.1796195707357,1196.27364,3.334671505066965
250,motif1_cable,1,1.0814014387946642,1.227382698536259,890.0517388751709,0.1673843960434896,0.08633271,0.0,3313.8022015,3917.876129406698,1196.27364,3.2750668395624754
251,motif1_cable,1,0.9931220206998768,0.8661547521681848,315.5907237876671,144.622035410081,0.23928268,0.0,599.38288882,4306.165920913652,1196.27364,3.5996495926414065
252,motif1_cable,1,0.8103040146493679,1.198101816066966,986.5249815452848,52.40630827428979,0.1187162,0.0,3172.68779825,3986.7620347649226,1196.27364,3.3326505754694415
253,motif1_cable,1,1.2662562333467042,1.311774648643326,732.5409098732438,30.6873490025712,0.047,12.00037552,4583.5610602,3884.3810984210504,1196.27364,3.2470673669788885
254,motif1_cable,1,1.174005577389923,1.2971251480617816,289.3497329522828,174.80976090144432,0.02108085,0.0,4212.31251756,3874.7048179828653,1196.27364,3.2389786821540816
255,motif1_cable,1,1.2709418467467082,0.8496053539884934,1191.3827250712995,103.82806840911202,0.20161801,0.0,2255.73099761,4156.913101900744,1196.27364,3.4748848113887587
256,motif1_cable,1,1.167837821329921,1.357655073357985,400.2248536033429,35.52725542982167,0.02381927,0.0,5185.26963435,3875.9538771762,1196.27364,3.2400228071365014
257,motif1_cable,1,1.3308557344067458,0.9650805565006138,598.659104811298,123.07403985904271,0.09154293,0.0,1932.12513059,3926.3917925891487,1196.27364,3.282185330598064
258,motif1_cable,1,1.0278091808828922,1.107235302989488,552.2824196655249,63.7688447315392,0.10888473,0.0,1668.24822797,3948.483137128863,1196.27364,3.300652129331265
259,motif1_cable,1,1.0789584409599815,1.27755963862649,792.5799242806268,69.3741813243905,0.06381725,0.0,3990.98478103,3894.7415658669674,1196.27364,3.2557279836634767
260,motif1_cable,1,1.3232060489101165,0.8106210911600484,707.945398391065,7.112403864381776,0.12823389,134.65527577,2306.42360102,4144.121727086874,1196.27364,3.4641921283886807
261,motif1_cable,1,1.284118723220712,1.047273207793464,977.181238123228,20.55663013362041,0.12617567,0.0,1854.24834429,3966.408004003258,1196.27364,3.315636047955766
262,motif1_cable,1,1.1465765302618447,1.023151650962857,766.4622437046777,121.04911883682256,0.15477744,0.0,1198.23216446,4017.7048838475143,1196.27364,3.358516604819208
263,motif1_cable,1,0.9210659302208116,1.1612748777635502,341.9994036688871,28.271648028460994,0.05928248,17.61924869,2286.82459541,3896.80090356407,1196.27364,3.2574494440620376
264,motif1_cable,1,1.0403010620529665,1.235656824966612,969.7274752300176,38.24882893930497,0.09214902,0.0,3471.0084535,3926.296909755555,1196.27364,3.2821060152721877
265,motif1_cable,1,1.1321282952735523,1.2224144343073848,1153.878890790678,168.64501474195413,0.10589338,0.0,3371.22481792,3945.550324043019,1196.27364,3.298200505398597
266,motif1_cable,1,1.020170049140761,0.8705634789598973,1197.9362008265705,92.39989493940926,0.31285882,0.0,1197.95076149,4505.025141390403,1196.27364,3.7658818106118295
267,motif1_cable,1,0.8887759178186108,1.0875930491558523,697.6515496394513,179.35518241778638,0.15482395,131.81901895,1790.64819094,4032.0307855042756,1196.27364,3.3704920435296697
268,motif1_cable,1,1.357774053127599,1.186223242240546,1079.2998575232589,161.2653651945202,0.08548294,0.0,3220.96974335,3916.771092134005,1196.27364,3.27414310670091
269,motif1_cable,1,1.2784130160601834,0.8859814025974835,793.8322335428329,25.062437887826636,0.15181327,0.0,2030.29801177,4052.5697053339736,1196.27364,3.3876611252037403
270,motif1_cable,1,1.2305011361363856,1.1827153923373692,1022.1771313044796,83.65445171909997,0.09824137,0.0,2886.3455089,3928.980542368943,1196.27364,3.2843493419857883
271,motif1_cable,1,0.9748729842612616,1.3176638559496856,741.6251422386578,43.17712588439503,0.0520447,0.0,4621.99519761,3887.174801030359,1196.27364,3.2494027044099707
272,motif1_cable,1,1.1194749434086837,1.3908443014062186,845.8606090716647,84.93561485850252,0.04530543,0.0,5787.18605061,3885.431616274054,1196.27364,3.2479455254686163
273,motif1_cable,1,1.2885879161968217,1.379403128641821,931.3879817536284,127.14240170252664,0.04873858,0.0,5692.87506912,3886.524213298707,1196.27364,3.2488588591642857
274,motif1_cable,1,0.926023117262603,1.292599107391169,504.9148721009653,85.44313362296411,0.03990563,0.0,4213.41677645,3884.495791633842,1196.27364,3.2471632423780923
275,motif1_cable,1,1.0367869143897417,0.9922050080779738,1013.5254026507124,177.94767145187757,0.22968959,0.0,1190.29902204,4205.450970755079,1196.27364,3.515459030556821
276,motif1_cable,1,1.3078033378055562,1.258123480151384,1137.736163515332,81.81487220637852,0.07987829,0.0,3989.99272247,3912.050574496089,1196.27364,3.2701970884321163
277,motif1_cable,1,1.0357180894693594,0.9513816413917332,808.4612804072527,157.4722316210979,0.23573919,0.0,893.74317081,4227.511295084305,1196.27364,3.5338998985920194
278,motif1_cable,1,1.0448303997726092,1.0400418561324989,637.0770555573708,59.423023729118825,0.15946311,0.0,1114.41182855,4034.368174184627,1196.27364,3.3724459348486757
279,motif1_cable,1,1.2238714939783146,1.1754242550153935,1109.7472708795713,128.30004405955785,0.10858191,0.0,2835.88101561,3941.8736128068185,1196.27364,3.2951270353218005
280,motif1_cable,1,0.9511003445742218,0.9735073169427912,700.0280492073705,117.61513565894695,0.23605754,0.0,923.83061254,4241.6685359623025,1196.27364,3.5457343488420454
281,motif1_cable,1,1.319496654080278,1.0315467194495318,1178.638401026631,51.30899769559954,0.13898316,0.0,2046.77755805,3992.6145815059613,1196.27364,3.3375428898575095
282,motif1_cable,1,0.9388862123728536,1.1436586123184425,874.4020367590301,100.08218349028402,0.13479379,0.0,2397.54615172,3978.9006550914914,1196.27364,3.3260790190875493
283,motif1_cable,1,1.0589976943373398,0.8979944223147579,566.758803808463,117.21964295162702,0.22901983,0.0,888.97383331,4226.568951819846,1196.27364,3.5331121663935074
284,motif1_cable,1,0.8576161860439926,1.3144034942685674,604.5215381370539,170.14314476335025,0.0421133,0.0,4624.67408527,3882.172712593547,1196.27364,3.2452213129042513
285,motif1_cable,1,1.1617174169833897,1.238761220509466,680.8950180938882,72.96271248570154,0.06068127,0.0,3413.59794684,3892.524605397371,1196.27364,3.253874761795614
286,motif1_cable,1,1.3690108910381331,1.1673397745422998,481.91103837638,49.25842703892216,0.04098841,0.0,2900.02206555,3881.9029140721136,1196.27364,3.244995780457149
287,motif1_cable,1,1.295273193923821,0.9111661976912112,390.05158395034806,93.34954118283213,0.09217713,0.0,1884.38725164,3950.9870049378956,1196.27364,3.3027451854058207
288,motif1_cable,1,0.9031371567152128,1.0812022206221892,779.1633764748667,162.9421381596627,0.17170192,0.0,1822.05949671,4089.2857849471343,1196.27364,3.418353166209643
289,motif1_cable,1,1.3833831491394704,1.248618810810135,307.9628691225599,14.336264313725245,0.02099539,3.43260879,3863.47568727,3874.4384927049846,1196.27364,3.238756053092489
290,motif1_cable,1,1.112863698972821,1.1884954041328435,991.4869532240538,48.885449166263086,0.10719747,0.0,2860.46369229,3941.9984662693473,1196.27364,3.295231403969871
291,motif1_cable,1,0.814988367569136,1.0005540995676134,800.9310173091499,139.74234258629124,0.24691212,0.0,1537.41604941,4358.116812318721,1196.27364,3.6430768568291128
292,motif1_cable,1,0.8783999978785536,1.252080070347629,371.38431610447947,131.6453061986497,0.03616789,0.0,3613.48462706,3879.8515881250364,1196.27364,3.2432810173139295
293,motif1_cable,1,1.1437992674647528,0.8147080268463648,813.4532909723924,18.0192791732298,0.21595466,125.15238148,1534.71346033,4244.521910675225,1196.27364,3.548119567923628
294,motif1_cable,1,0.9829902705257744,1.1230424048568886,905.1433210271988,147.07520880182594,0.14684981,0.0,2151.91868231,4024.7299479984495,1196.27364,3.364389060682178
295,motif1_cable,1,1.2064217499176342,0.8887962392671678,454.4582969521901,153.40647767062478,0.13878414,0.0,1467.47644482,4087.2331548728475,1196.27364,3.4166373129084815
296,motif1_cable,1,1.0125228697038304,1.3970646909642297,661.3332637932815,68.17987538324381,0.03469624,0.0,5884.39642712,3878.2640310130587,1196.27364,3.2419539320560964
297,motif1_cable,1,0.9869618817509244,1.34012910020441,630.5723125313486,156.5608073028218,0.04068909,0.0,4949.95255051,3883.1901181879243,1196.27364,3.2460717918919664
298,motif1_cable,1,1.048045127882054,1.3714386495165738,618.6508477298786,119.4826341277571,0.03567746,0.0,5437.48891923,3880.822720907482,1196.27364,3.2440928155095707
299,motif1_cable,1,1.2080416685005155,1.3451199547801016,249.80574902593068,80.25987211101051,0.01523952,0.0,4988.85012304,3873.4109304704916,1196.27364,3.2378970838732952
450,motif2_cable,2,0.8183869363553411,0.8489401433707456,413.2948943440655,106.87254418441044,0.0,0.0,2067.55833285,3871.726376752327,1196.27364,3.236488916325472
451,motif2_cable,2,1.1053525868909406,0.8141318850004069,595.884032684244,168.28993546469815,0.1360369,0.0,1908.97256558,4033.873560086513,1196.27364,3.3720324725089768
452,motif2_cable,2,1.158979659249581,1.3410284897769928,854.7421638896824,53.86564870737082,0.07585753,0.0,2813.84596451,3906.584315876098,1196.27364,3.2656276835424536
453,motif2_cable,2,0.9452743062643854,1.3765751637580967,574.5779517787711,174.4499398074249,0.07836545,0.0,2267.99966317,3907.2455081381163,1196.27364,3.2661803934241305
454,motif2_cable,2,0.8266867248459004,0.8050558805043762,1045.0299170407438,142.37354456063176,0.0,0.0,2032.81691005,3871.726376752327,1196.27364,3.236488916325472
455,motif2_cable,2,1.1126994213896713,0.9454315855771755,893.9428318912943,127.1472966408088,0.15646702,0.0,2104.2404541,4019.711466038455,1196.27364,3.360193965352656
456,motif2_cable,2,0.9391006452877644,1.0652426483921582,813.7990716552491,102.2836435013116,0.23239921,0.0,934.88275326,4213.751577363944,1196.27364,3.5223977495349184
457,motif2_cable,2,1.0431231742427514,0.8376736766632504,1005.8833465342168,33.62903337284384,0.22858879,0.0,1910.48786524,4269.599282981224,1196.27364,3.569082474291772
458,motif2_cable,2,0.9943026744927358,0.869373861512914,316.2539906518901,132.17149591704208,0.1930367,0.0,847.43804757,4151.9140495793645,1196.27364,3.4707059578604147
459,motif2_cable,2,1.3466199723335222,1.104747043020089,405.8317560537833,99.40589886220496,0.02552573,0.0,4994.49802555,3876.1060626027174,1196.27364,3.2401500233698353
460,motif2_cable,2,1.3838802777014996,0.8762259536646163,748.1586157184613,166.4861628564779,0.03910257,0.0,5751.48268677,3885.175558456539,1196.27364,3.24773147927638
461,motif2_cable,2,1.0267169296551235,1.186421492539378,216.58436229580929,151.98675882467725,0.0530399,0.0,1007.87531164,3888.237048620417,1196.27364,3.250290668128755
462,motif2_cable,2,0.8076623299949166,0.9976003083037472,553.2369041749876,109.95117800473908,0.28555,0.0,918.59322223,4480.562266547173,1196.27364,3.7454325805817916
463,motif2_cable,2,1.3347165748447591,1.084854070769713,446.7033952265841,6.2755067269465385,0.02937296,7.4075136,4806.37086068,3877.9767711452396,1196.27364,3.2417138031606547
464,motif2_cable,2,0.9867132920586378,1.1659410105030144,604.4970312558243,145.82409951087922,0.14570688,0.0,1066.28916704,4002.3484086936564,1196.27364,3.3456796796873807
465,motif2_cable,2,1.337251993102836,0.991196830682536,1173.1104803536475,2.7050162758072718,0.07373071,44.59806163,5029.59142326,3901.8284974703097,1196.27364,3.261652156332986
466,motif2_cable,2,1.0743270708049228,0.949721901375948,624.5178282177219,14.366005037713371,0.14344127,140.53653806,1482.03181057,4015.695606457415,1196.27364,3.3568369912902334
467,motif2_cable,2,1.227149854209295,0.9703583158457744,866.9330069807297,158.34583321652445,0.08926001,0.0,3348.95496055,3932.952009678953,1196.27364,3.287669207255084
468,motif2_cable,2,1.0780654458250567,0.987622983074423,1148.235416526601,48.73898473154296,0.19748115,0.0,1947.32921332,4109.155390597707,1196.27364,3.4349627486548213
469,motif2_cable,2,1.1453741447741856,0.8186855887190703,636.8406872170791,134.7386045217918,0.12125022,0.0,2336.25287235,4103.909588639377,1196.27364,3.4305776299136523
470,motif2_cable,2,1.3786725796591774,1.1763039664080797,346.57215947498537,35.41784363490905,0.01926484,0.0,5530.42817686,3874.288267755704,1196.27364,3.238630475679214
471,motif2_cable,2,1.1181467009347426,1.25527664794703,944.548424801427,56.042941093966704,0.10751582,0.0,2218.72573728,3940.879557110539,1196.27364,3.2942960751944175
472,motif2_cable,2,1.354071219768621,1.3600060482097078,230.8995373163065,92.30483939155005,0.01245595,0.0,5306.0220612,3872.6883429738355,1196.27364,3.2372930519256746
473,motif2_cable,2,0.8702505634187434,0.9035485318365248,518.4592787325611,0.2569678718938077,0.29880816,0.0,611.32149572,4507.36253296164,1196.27364,3.7678357043474104
474,motif2_cable,2,0.9249472088076884,0.9241295158819524,775.1754817656382,161.6249614226441,0.2821971,0.0,877.25431016,4420.882214865651,1196.27364,3.695544286059544
475,motif2_cable,2,1.2422952193447383,0.9092499420303086,1125.6281791502172,136.19357064128317,0.10479353,0.0,3718.06429803,3938.193342206847,1196.27364,3.2920505898690933
476,motif2_cable,2,0.8531990447409494,1.0436195161820851,706.8829249657712,178.75524440285488,0.0,0.0,1703.21697316,3871.726376752327,1196.27364,3.236488916325472
477,motif2_cable,2,0.9745297077436146,1.385045389937544,1191.8995710042834,69.64842683754148,0.13251513,0.0,2368.76588802,3986.1389490132838,1196.27364,3.33212971993037
478,motif2_cable,2,0.9839529179582668,1.093862120521066,932.2778427220748,22.69827758587123,0.2097196,0.0,1109.67395358,4143.963174702902,1196.27364,3.464059589830051
479,motif2_cable,2,1.3088414071078824,1.3479724143142129,283.2258898135603,157.16328441407344,0.01728742,0.0,4606.233272,3873.7006160443075,1196.27364,3.2381392404870746
480,motif2_cable,2,1.165887211998465,1.017906656476788,1155.7736656479938,149.4095370043258,0.14152157,0.0,2740.29567421,3991.255661954894,1196.27364,3.336406929400279
481,motif2_cable,2,1.1798837428068611,1.3264418171321513,1072.5335306775733,66.92762919681996,0.09040941,0.0,3064.82374644,3922.496248118129,1196.27364,3.2789289314425836
482,motif2_cable,2,1.3564027626128428,0.8917171580550644,663.0146832117321,64.81333907831649,0.03902513,0.0,5276.67652501,3885.169994354569,1196.27364,3.2477268280813827
483,motif2_cable,2,1.0882473661979266,1.148222973197114,291.7858332064727,111.12087062070472,0.05567207,0.0,1359.96042424,3890.3141541612126,1196.27364,3.2520269811856872
484,motif2_cable,2,0.9138287219692652,1.319482814917878,431.2023261910035,83.68376738867117,0.08434723,0.0,2033.38758904,3940.9242287686097,1196.27364,3.2943334175353143
485,motif2_cable,2,1.3266528029439753,1.3717186694120618,439.5711633773352,84.2628593984446,0.02504639,0.0,4928.43409954,3875.8780006873094,1196.27364,3.2399593797680857
486,motif2_cable,2,1.3718999410464057,0.9938661342874142,805.2547580438807,94.00363988075574,0.04587856,0.0,5494.64612737,3885.770664385849,1196.27364,3.2482289456665194
487,motif2_cable,2,1.2706301767042083,0.9802062775529607,1036.0447136497296,89.63105920556106,0.08616403,0.0,4010.00747042,3928.291120490714,1196.27364,3.2837730341451934
488,motif2_cable,2,0.989116576165177,0.8091820183277144,686.8207733102865,18.90696111254585,0.22580365,330.92043278,1241.40383878,4344.242552555187,1196.27364,3.631478958739898
489,motif2_cable,2,1.1428291127535923,0.940312546073442,1112.3600893979692,128.2274407647005,0.15759997,0.0,2560.63111839,4056.087089577189,1196.27364,3.3906014092036583
490,motif2_cable,2,1.0105196625151285,1.0374189295846987,924.5204243645296,96.0989681345288,0.21064615,0.0,1200.88263276,4159.008816156121,1196.27364,3.476636680012544
491,motif2_cable,2,0.8150852116009513,0.881929061462514,1090.8943413573577,138.47498059519734,0.0,0.0,2075.26103276,3871.726376752327,1196.27364,3.236488916325472
492,motif2_cable,2,1.196835469678603,1.306821502156316,355.5649138122768,36.65083545995833,0.0311357,0.0,3006.38162965,3877.595445070337,1196.27364,3.241395041581237
493,motif2_cable,2,1.0199096678989916,0.8291049322564371,892.3799344088767,172.23698324972275,0.23832441,0.0,1697.70745482,4319.930694670721,1196.27364,3.611155968186946
494,motif2_cable,2,1.386030841942364,1.135982556025095,616.8829868649497,44.04142048200552,0.03366796,0.0,5673.03339218,3879.1222453865894,1196.27364,3.2426713384628205
495,motif2_cable,2,0.899352565346307,1.0634952433851843,961.3503408557594,144.61483308875728,0.26501738,0.0,1092.36567211,4323.129899101268,1196.27364,3.6138302764083883
496,motif2_cable,2,0.935436836937383,1.2771289395600225,1102.3501557167165,153.87825151741194,0.17355629,0.0,1883.26574997,4060.1362893055766,1196.27364,3.3939862532669176
497,motif2_cable,2,1.295882208078591,1.2030855033491488,583.7994584334443,143.46592871082802,0.04148437,0.0,4255.44285922,3881.907630934772,1196.27364,3.2449997234201136
498,motif2_cable,2,0.8119064665430594,1.2426104233004909,445.3011664673378,97.38120528117472,0.12167993,0.0,1723.9190143,4207.60485756784,1196.27364,3.5172595273167104
499,motif2_cable,2,1.2489911154324769,1.0530905011257403,644.6804995106106,42.02944738938168,0.05985107,0.0,3530.29458515,3891.6866451905844,1196.27364,3.253174286437161
500,motif2_cable,2,0.9018840589531284,1.1902125731407662,524.3940265561948,38.30042012186245,0.15535172,0.0,1429.63376054,4068.1021593643623,1196.27364,3.400645156207206
501,motif2_cable,2,1.2105451988548193,1.103595512906283,1118.2888568118951,20.94389299581314,0.10996567,0.0,3203.08984929,3944.391618655713,1196.27364,3.2972319097959173
502,motif2_cable,2,1.2989568551990218,1.0571744971062722,672.6550183604231,128.54468359111897,0.05064102,0.0,4285.41078807,3887.3199160516488,1196.27364,3.2495240102855143
503,motif2_cable,2,0.9519408385882716,1.393078466899975,1024.5118509259032,49.93043610035141,0.11897237,0.0,2427.02495075,3959.8529524071887,1196.27364,3.310156489285503
504,motif2_cable,2,1.266510078842097,1.3370760052920694,728.3089291134037,54.51780070043621,0.04959479,0.0,4047.3882547,3886.208478306484,1196.27364,3.2485949270824728
505,motif2_cable,2,0.9617077616364732,0.9147976922396428,225.9591157787917,4.656938634071599,0.18743885,144.49167493,397.28369509,4138.727794482322,1196.27364,3.4596831829232
201,motif1_cable,1,1.1851374103037182,1.0939064715131752,1122.7026471461982,146.3695663509511,0.14763699,0.0,1985.21834092,4006.7567423426362,1196.27364,3.3493647342614996
507,motif2_cable,2,1.151978617868832,1.1958995926828129,272.7252914265023,14.586876337498444,0.03401106,8.08917404,2182.45130795,3878.3798225481105,1196.27364,3.2420507255748867
159,motif1_cable,1,0.9772979533297864,1.383179856617656,769.5999446174291,56.92787825694416,0.04199555,0.0,5682.1820916,3886.5886723634217,1196.27364,3.2489127423750825
509,motif2_cable,2,1.3403733792001322,1.332604444723572,245.1524824371183,162.25304814418286,0.01398268,0.0,5050.24847616,3873.0507282146355,1196.27364,3.2375959803098526
510,motif2_cable,2,1.2584092503045536,1.1448051674808282,983.8627739057893,104.35267837409884,0.08055942,0.0,3786.40651965,3910.933989767443,1196.27364,3.269263702715579
511,motif2_cable,2,0.954616312504011,1.372057367187254,698.9951104833721,71.4562687741547,0.09264387,0.0,2225.95560097,3928.4929718570334,1196.27364,3.283941767585077
182,motif1_cable,1,1.3984481467350296,1.3956599300059307,214.4974275162892,130.13877756133007,0.01020595,0.0,6024.98834952,3872.4365262099946,1196.27364,3.237082550953806
512,motif2_cable,2,1.253601252363958,1.0081084646800609,743.187106215389,45.85541151507074,0.06824717,0.0,3644.08133973,3907.566789790314,1196.27364,3.266448962120669
514,motif2_cable,2,1.0716801194726755,1.3490223571890745,998.0487829462586,73.86640425844534,0.10533413,0.0,2244.84160853,3939.28219384017,1196.27364,3.292960792682994
515,motif2_cable,2,1.2823868633402624,1.2271962716281335,306.143076271005,154.9348711184601,0.02251753,0.0,4032.8027856,3875.1758488547866,1196.27364,3.2393724305876934
513,motif2_cable,2,1.2308716492785572,0.8539823547445339,606.8790720733704,57.08671613839141,0.07197431,0.0,3393.20612472,3917.582278883622,1196.27364,3.274821201346226
517,motif2_cable,2,0.9304935876778384,1.020661001492745,627.0118492828199,4.895914593728335,0.21834683,293.15446854,653.37134262,4197.349106745896,1196.27364,3.5086864463099743
518,motif2_cable,2,1.3746189394020143,1.2943887500802245,332.91138272586915,175.2941677878603,0.01778897,0.0,5545.40194987,3873.551835514985,1196.27364,3.2380148705065386
519,motif2_cable,2,1.122605529646682,1.2756588893558731,239.3661235198091,31.821112074162983,0.02854851,0.0,2068.41778436,3876.6622104192347,1196.27364,3.240614923538092
520,motif2_cable,2,1.0450408628138934,1.207529145802611,716.8743204912355,77.62053594917792,0.12042596,0.0,1428.7224421,3958.9535519836363,1196.27364,3.3094046542592355
521,motif2_cable,2,1.021476360736039,1.2515165881083183,386.39067303018703,10.054114234192507,0.06958155,33.42019207,1373.86106236,3900.970864827895,1196.27364,3.2609352362122563
516,motif2_cable,2,0.9067309915248384,0.9337359006393758,970.4275398466972,68.62950428950876,0.30638546,0.0,998.62754314,4494.718796300627,1196.27364,3.757266436382087
522,motif2_cable,2,0.8446296979385143,1.263059266520207,781.1438633037172,1.8535785129800628,0.0036652,0.19678918,2334.08085139,3871.9374761219274,1196.27364,3.2366653804408227
524,motif2_cable,2,1.3232066786223349,1.3238737075047458,276.2022120193906,134.03127146640443,0.01659203,0.0,4776.39062566,3873.5412203428523,1196.27364,3.2380059969747834
525,motif2_cable,2,1.0548216468680596,1.1302099775688763,655.3930913883597,173.84876288480626,0.12992604,0.0,1271.08527248,3976.03812110599,1196.27364,3.3236861435030787
526,motif2_cable,2,1.2208731033475857,1.1835950552926529,903.8172423762552,137.63686288154793,0.08221171,0.0,3262.42437647,3917.1956901909243,1196.27364,3.2744980405912187
527,motif2_cable,2,1.2840195930265572,1.1135813280799831,297.3501959133481,140.4759390765322,0.02358494,0.0,3986.40083604,3874.896752737098,1196.27364,3.2391391260089106
528,motif2_cable,2,1.1109251562454232,0.9389881505318952,739.6478638023352,81.195047822512,0.1419941,0.0,1973.96679183,4007.085266194256,1196.27364,3.349639356923602
529,motif2_cable,2,1.1698812600796522,1.1402178498136144,475.8176508785678,17.2282558846777,0.05822414,23.22507705,2394.28194569,3890.9718385201463,1196.27364,3.2525767587089414
530,motif2_cable,2,1.013310137702098,1.3966224761167807,503.141528708976,67.57035016090984,0.05723334,0.0,2226.67586079,3890.7751241420874,1196.27364,3.2524123194272576
531,motif2_cable,2,1.137786868842895,1.2889946048131624,957.0719099487698,61.21576525726676,0.09698114,0.0,2492.77425926,3927.797898589605,1196.27364,3.283360735583546
532,motif2_cable,2,0.8811122448669502,1.352166670855858,1062.3365196785933,111.8953634876142,0.1478641,0.0,2507.75187368,4007.8317425461814,1196.27364,3.3502633582615613
533,motif2_cable,2,1.3984941369478587,0.8948378130218135,308.9732451991926,123.2647670728859,0.0155457,0.0,5941.36797184,3873.093053549108,1196.27364,3.2376313612904726
534,motif2_cable,2,0.8306835860305779,1.1206932181074074,760.8574112651212,47.6519942796281,0.23738994,0.0,1435.98632616,4296.785060561569,1196.27364,3.5918078580763257
535,motif2_cable,2,0.9967326396419224,1.2295006458129596,810.1653432122843,23.48771684501472,0.14303392,0.0,1432.0294927,3997.2051665254985,1196.27364,3.34138029366383
536,motif2_cable,2,1.0065011394832075,1.1177580529858957,567.4843614474055,125.25046705707916,0.14840898,0.0,917.7519903,4005.7306964326235,1196.27364,3.3485070325821304
537,motif2_cable,2,0.894294373518747,0.8562791482790928,1137.9463545681056,147.06763956670275,0.34562999,0.0,1241.97056877,4690.974278448124,1196.27364,3.9213221135994645
538,motif2_cable,2,1.002715237539613,1.2197125367071486,701.2934906003195,164.15252134733947,0.13140057,0.0,1339.65581704,3977.8677563792035,1196.27364,3.32521558895104
539,motif2_cable,2,1.3607336867619586,1.0474403752329988,529.4658067165209,25.40095361037445,0.03178979,0.0,5248.52599913,3879.219548444861,1196.27364,3.24275267692504
540,motif2_cable,2,1.0314965159004323,1.287069871465821,325.3183145243423,31.14534983810172,0.05147092,0.0,1566.1556482,3887.0271633471048,1196.27364,3.2492792897677707
541,motif2_cable,2,1.2762859857031086,1.028093299851589,1197.261284454515,176.7733134908491,0.09488661,0.0,4131.40799679,3941.17659206094,1196.27364,3.294544375366275
542,motif2_cable,2,1.1303666923257336,0.8968147402047342,676.8678162367822,115.56369013120808,0.12464559,0.0,2183.0542365,3967.5934208356903,1196.27364,3.316626972433908
543,motif2_cable,2,0.9569847475802966,1.2128993311725829,265.537043822958,105.57494636652422,0.08021256,0.0,1260.4546892,3911.4279854065016,1196.27364,3.2696766480673287
544,motif2_cable,2,1.082707101823681,1.331169803377502,844.5822210144205,170.02897682925607,0.09264822,0.0,2163.91011415,3922.515398269426,1196.27364,3.2789449396121664
545,motif2_cable,2,1.1547144637584446,1.0757061719844716,908.0492583421474,25.09119052385401,0.11839437,0.0,2417.06243537,3954.7260067557504,1196.27364,3.305870725995226
546,motif2_cable,2,1.21318735416293,0.8001674501242831,918.8764749518969,63.97906520124709,0.10888967,0.0,3328.54888506,3958.4749306886984,1196.27364,3.3090045607698078
547,motif2_cable,2,0.8611513252804154,0.9181687589489194,799.0989859829662,79.96800772422378,0.32396606,0.0,837.15265223,4588.109569443365,1196.27364,3.835334505442556
548,motif2_cable,2,1.1262461374933703,1.155743821450501,880.8896874221541,124.32670223145348,0.11662337,0.0,2101.81907395,3957.986490680277,1196.27364,3.3085962595316216
549,motif2_cable,2,1.0624884857082697,0.967327441802408,877.5239817126062,60.42026384242953,0.18679129,0.0,1626.85964489,4094.9054350467773,1196.27364,3.4230507955076046
550,motif2_cable,2,1.1353880835291248,1.1999854593394848,849.3481311181488,118.9364830583608,0.10243794,0.0,2230.05679207,3936.149968599322,1196.27364,3.2903424743182694
551,motif2_cable,2,1.2175657081521467,0.9576980148975192,1054.7419313564185,120.60520067968444,0.10996052,0.0,3329.95859385,3941.0737248422215,1196.27364,3.294458385660176
552,motif2_cable,2,0.8409611737569458,1.0069141209967896,486.14426227227096,113.32436662436884,0.26412858,0.0,839.05357076,4393.263444376338,1196.27364,3.6724569508831935
553,motif2_cable,2,1.207916685671516,0.9797469808697448,349.1377193483604,131.9699231527916,0.04286578,0.0,2879.66603756,3882.4956615044953,1196.27364,3.2454912753109695
554,motif2_cable,2,1.0671886896303202,1.266074901721024,835.998197065045,19.490328976771966,0.10713132,82.08666181,1801.23150677,3941.3423920497016,1196.27364,3.2946829724089737
555,motif2_cable,2,0.8237960924912894,1.383038257003693,650.4926287665335,39.32884844906018,0.10716107,0.0,2617.54454358,4089.6282883724944,1196.27364,3.4186394748048574
556,motif2_cable,2,0.9643877628651144,1.175643984391738,787.1174376215812,95.94104137355046,0.17400429,0.0,1223.29373102,4055.251578895925,1196.27364,3.3899029814749793
557,motif2_cable,2,1.100189993540861,1.0962874748733036,1131.0206298505016,72.21396462206738,0.16399151,0.0,2011.25737198,4030.6031344623125,1196.27364,3.3692986284160815
558,motif2_cable,2,0.8000441542284732,0.8740908623518984,562.5755431576619,148.44730846408837,0.0,0.0,2224.66999178,3871.726376752327,1196.27364,3.236488916325472
559,motif2_cable,2,1.2896904992607126,0.8848831005282181,1174.0340217375103,85.44172796581951,0.08833207,0.0,4393.33967781,3937.744364342114,1196.27364,3.291675276186905
560,motif2_cable,2,0.8655427582329694,1.1713462483270978,726.2004485965482,151.00592163941045,0.19976013,0.0,1551.26513841,4179.6538738884165,1196.27364,3.493894485452691
561,motif2_cable,2,0.875821485578602,1.0321863619744265,1018.1688824216398,58.63816325917354,0.0,0.0,1453.10998158,3871.726376752327,1196.27364,3.236488916325472
562,motif2_cable,2,1.192016105737462,1.0033417550838786,1141.746484454457,90.27330750705252,0.12778595,0.0,3036.30776751,3977.6319489887114,1196.27364,3.325018470680932
563,motif2_cable,2,1.2334762301811089,1.0262484014240738,421.0752993316556,16.330822260150388,0.04332319,14.20080958,3246.79439495,3885.063427628822,1196.27364,3.2476377458495387
564,motif2_cable,2,0.940323528376855,1.1373489652691096,766.7448498335782,29.76641643133287,0.19568167,160.42385987,1101.48356547,4103.7998958418275,1196.27364,3.4304859345072827
565,motif2_cable,2,0.8778100694361334,0.9553918185294904,489.7896477940778,7.486072710522685,0.25202957,337.78838238,552.49752415,4350.403521681425,1196.27364,3.6366290923884486
566,motif2_cable,2,1.239056967811559,1.156283379972359,952.1726480455732,158.92504610373533,0.08293886,0.0,3510.32978131,3917.1878445580846,1196.27364,3.274491482198074
567,motif2_cable,2,0.8914732938322673,1.2202508418092215,937.3539998606292,51.32286870937968,0.19474553,0.0,1759.92580388,4129.019742260219,1196.27364,3.451567939138256
568,motif2_cable,2,1.1909967619730983,1.257040903585182,372.056990587762,101.68074782257167,0.03585082,0.0,2815.73150612,3879.7160913586495,1196.27364,3.243167751617974
569,motif2_cable,2,1.0517436291479485,1.0783015032569765,251.138050358894,106.42885855487071,0.07751033,0.0,853.13847975,3908.176557554061,1196.27364,3.2669586847655205
570,motif2_cable,2,0.976257820187088,0.9615423515181096,1164.40513041235,32.60235077348838,0.27026128,0.0,1345.16094846,4364.401736604153,1196.27364,3.6483306082077958
571,motif2_cable,2,0.9234379209816992,1.1611654957695383,559.874038892602,114.6358346731207,0.16949198,0.0,1222.29023226,4063.53685284248,1196.27364,3.3968288834337943
572,motif2_cable,2,1.2448181701172838,1.050903788668811,507.1538021766327,11.442614820209776,0.04843723,16.3793649,3429.51182957,3884.9537362429114,1196.27364,3.247546051623199
573,motif2_cable,2,1.163271513849316,1.014600626378154,546.2973954597219,139.7027614489151,0.08069426,0.0,2332.27394792,3911.545101153906,1196.27364,3.269774548533818
574,motif2_cable,2,1.093635012317432,1.2344563401642097,333.4066522157184,121.97095082210484,0.04866153,0.0,1674.13109898,3885.7853743327996,1196.27364,3.248241242139884
575,motif2_cable,2,1.0373130292102797,1.0715588003470538,454.8921277695384,28.788584312638623,0.12669812,70.22358774,901.41920965,3968.8811910671384,1196.27364,3.3177034571012856
576,motif2_cable,2,0.9680339549519889,0.8217674749613677,375.92752804889255,75.10990713669352,0.23326129,0.0,898.94584209,4364.283501609519,1196.27364,3.648231772129928
577,motif2_cable,2,0.8375387941340746,1.2996286907865038,397.6900589376528,108.53808427317236,0.09867431,0.0,1983.14540417,3991.644552169708,1196.27364,3.3367320140646988
578,motif2_cable,2,1.389472442027809,0.9228746459659104,1184.423046282407,164.663705985781,0.06117386,0.0,5893.70202237,3891.9598693714283,1196.27364,3.253402682492802
579,motif2_cable,2,1.2616337574342096,0.9752739171266728,257.31621832118617,88.16446407644455,0.02386453,0.0,3663.68703613,3875.7566434790297,1196.27364,3.2398579337408373
580,motif2_cable,2,1.3070364712115143,0.8337809077539681,1007.2852553928908,59.25484780100013,0.07007343,0.0,4627.35988906,3904.3821381770344,1196.27364,3.263786819023309
581,motif2_cable,2,1.0843842576876006,1.082848041747833,463.4119308836645,167.09520170594345,0.09841511,0.0,1344.86433733,3932.480567655655,1196.27364,3.2872751151280535
582,motif2_cable,2,1.315874196077516,0.9070772951935688,1050.6164714342742,116.47935504251862,0.07200691,0.0,4717.70496418,3899.947310399213,1196.27364,3.260079617234744
508,motif2_cable,2,1.3920979098961856,1.3591736408603607,832.6379395893413,118.7595207921427,0.04066448,0.0,5962.84018343,3883.1442334592266,1196.27364,3.2460334355099785
584,motif2_cable,2,1.3315059435206944,0.8250888761214785,1082.228977680994,13.017312637803911,0.06708545,29.59427472,5018.93537906,3897.2214411064624,1196.27364,3.257800983649914
583,motif2_cable,2,1.0973264307028778,1.389547174191928,535.3992200615758,63.18721952146077,0.05157284,0.0,2436.07698445,3887.450996840611,1196.27364,3.2496335845372397
585,motif2_cable,2,0.9185040967518248,0.8454269709819472,1032.6442070814292,9.421111470040454,0.31127535,425.36230432,1077.58298732,4530.709592657804,1196.27364,3.787352191976582
587,motif2_cable,2,1.03454051465232,1.2683502133959308,1077.63408027973,129.6968221159195,0.14429004,0.0,1799.28119445,3995.9969451363218,1196.27364,3.3403703061920873
586,motif2_cable,2,0.8568301122597274,0.9288262681300334,684.9390599077954,100.25122753568668,0.31294468,0.0,748.89622253,4529.821753069552,1196.27364,3.7866100209894724
588,motif2_cable,2,1.2746995409454145,1.3023355955584424,977.1568368425288,41.61151230776729,0.06668791,0.0,4156.47822006,3899.918926566705,1196.27364,3.260055890361929
589,motif2_cable,2,1.172655840026473,1.126719478150395,824.0523197118099,52.0672579555249,0.09638165,0.0,2580.60506463,3931.1694474721617,1196.27364,3.286179111555248
591,motif2_cable,2,0.851828954525827,0.843282185660011,1097.6193048408368,179.5706831349353,0.0,0.0,1750.83713973,3871.726376752327,1196.27364,3.236488916325472
592,motif2_cable,2,0.911875652626909,1.2800552841218458,392.0079259385003,160.24678356712454,0.09584641,0.0,1789.74626797,3974.4940407029476,1196.27364,3.3223954016933352
593,motif2_cable,2,0.8846490055293386,1.3661623432804593,588.4305139019996,44.722453732429,0.10097056,0.0,2427.35837874,3945.351363328201,1196.27364,3.298034188338549
594,motif2_cable,2,0.8320514703471419,0.8629821416061985,498.9560944391033,26.70487369857459,0.0,0.0,1923.92815572,3871.726376752327,1196.27364,3.236488916325472
595,motif2_cable,2,1.057236078842683,0.8654913405898578,209.4144999386439,152.63814437861956,0.11240615,0.0,1010.83636891,4067.204290121312,1196.27364,3.399894601139345
596,motif2_cable,2,1.350505968084861,1.211025641412313,866.046919801242,82.17216614823352,0.05111971,0.0,5161.54443008,3890.5282441777526,1196.27364,3.2522059452699743
597,motif2_cable,2,1.366269529740518,1.31011678549514,415.8010615455937,76.26523719840785,0.02247916,0.0,5436.34830723,3874.9014056329097,1196.27364,3.2391430155001246
598,motif2_cable,2,1.1815977816234726,1.2443291400612615,989.2862040360516,78.72873304357185,0.09410741,0.0,2879.30021407,3924.393823641961,1196.27364,3.2805151701260935
599,motif2_cable,2,1.2032845555086544,1.1112898800477895,360.9799590655957,170.62318922569295,0.0403716,0.0,2797.01035294,3882.7747445225878,1196.27364,3.2457245689394183
590,motif2_cable,2,1.3170130987507211,1.3140353081720126,758.1639244631256,92.5838917814511,0.0461797,0.0,4729.96150493,3884.8113452190455,1196.27364,3.2474270228164905
506,motif2_cable,2,1.1862295694535452,1.090744892342288,202.6546763814445,40.03208690007307,0.02562776,0.0,2514.11539037,3875.4601686368155,1196.27364,3.239610101779737
523,motif2_cable,2,1.3001954023136109,1.236957994141524,467.57765649510407,87.36939447454104,0.03208894,0.0,4331.7616395,3878.26914284715,1196.27364,3.241958205187193
