face,S11,S22,S12,von_mises,principal_1,principal_2,T_wale_Nm,T_course_Nm
0,253.6467,449.1743,134.6416,454.4752,517.8020,185.0190,253.6467,449.1743
1,379.8685,658.0542,-7.3675,572.2973,658.2492,379.6735,379.8685,658.0542
2,311.7678,655.6008,-27.6558,570.0095,657.8110,309.5575,311.7678,655.6008
3,370.0700,671.9045,8.0995,583.0545,672.1216,369.8528,370.0700,671.9045
4,339.4483,596.8998,-54.8395,527.1812,608.0943,328.2537,339.4483,596.8998
5,239.7169,343.9514,67.9014,327.3340,377.4309,206.2374,239.7169,343.9514
6,260.9467,525.7361,-2.5135,455.3256,525.7599,260.9229,260.9467,525.7361
7,333.5217,475.2451,-100.9111,457.3175,527.6897,281.0771,333.5217,475.2451
8,255.8438,440.3823,-106.4077,425.0781,488.9542,207.2720,255.8438,440.3823
9,183.8954,380.2608,-102.0647,373.8170,423.7009,140.4552,183.8954,380.2608
10,104.6874,414.5633,53.2454,384.6139,423.4571,95.7936,104.6874,414.5633
11,325.0426,484.3024,-117.0314,473.1507,546.2255,263.1194,325.0426,484.3024
12,241.4982,662.5508,0.1533,580.7669,662.5508,241.4981,241.4982,662.5508
13,253.9140,692.5637,-21.1640,607.9547,693.5825,252.8952,253.9140,692.5637
14,244.7754,709.9051,50.6402,630.7188,715.3546,239.3259,244.7754,709.9051
15,276.8962,753.1526,-1.0856,659.8248,753.1551,276.8937,276.8962,753.1526
16,251.2510,683.1656,11.5127,598.8271,683.4723,250.9444,251.2510,683.1656
17,242.9091,674.0181,86.2108,609.8173,690.6189,226.3083,242.9091,674.0181
18,303.5083,800.0803,-123.5328,731.5708,829.1141,274.4745,303.5083,800.0803
19,266.7582,804.3728,-83.3255,724.1767,816.9913,254.1397,266.7582,804.3728
20,356.7722,643.1031,3.9428,558.0980,643.1574,356.7179,356.7722,643.1031
21,355.5101,813.1416,26.4616,707.5361,814.6666,353.9851,355.5101,813.1416
22,389.0675,861.1262,8.1846,747.0452,861.2680,388.9257,389.0675,861.1262
23,344.5160,828.4078,66.7112,730.0015,837.4364,335.4874,344.5160,828.4078
24,210.8672,419.3842,43.6359,370.9797,428.1474,202.1039,210.8672,419.3842
25,283.4585,494.6688,47.9882,437.8773,505.0607,273.0666,283.4585,494.6688
26,303.5975,749.0788,41.9507,656.6214,752.9949,299.6814,303.5975,749.0788
27,286.1400,649.6920,51.7017,571.0448,656.9017,278.9303,286.1400,649.6920
28,360.3959,313.2186,46.2916,348.6217,388.7624,284.8521,360.3959,313.2186
29,348.6164,511.2013,132.0290,506.8945,584.9577,274.8600,348.6164,511.2013
30,295.9020,702.0026,5.5530,610.5196,702.0785,295.8261,295.9020,702.0026
31,326.0529,787.8609,-53.6418,691.9417,794.0098,319.9040,326.0529,787.8609
32,437.4753,674.6850,-37.0109,596.2683,680.3256,431.8347,437.4753,674.6850
33,218.2100,803.5265,45.1131,723.9050,806.9832,214.7533,218.2100,803.5265
34,230.0026,528.9295,89.2977,484.7006,553.5735,205.3586,230.0026,528.9295
35,252.4704,484.7535,-73.8557,438.9822,506.2475,230.9764,252.4704,484.7535
36,251.4313,551.1764,-38.1333,482.4858,555.9516,246.6561,251.4313,551.1764
37,258.8060,720.8962,-141.7488,678.5115,760.9131,218.7892,258.8060,720.8962
38,201.1329,510.7980,-55.2780,455.8483,520.3697,191.5612,201.1329,510.7980
39,189.7894,590.7851,43.3726,527.7934,595.4228,185.1518,189.7894,590.7851
40,393.8173,811.1770,-48.8184,707.6683,816.8112,388.1831,393.8173,811.1770
41,399.3810,790.4227,-52.3136,690.5096,797.3003,392.5034,399.3810,790.4227
42,380.8840,801.7282,-16.6705,695.2043,802.3875,380.2247,380.8840,801.7282
43,409.3780,827.9972,-8.0758,717.2179,828.1530,409.2222,409.3780,827.9972
44,379.2547,833.4384,-1.2772,722.7539,833.4420,379.2511,379.2547,833.4384
45,328.0465,857.8948,-30.7331,751.6662,859.6714,326.2698,328.0465,857.8948
46,379.1510,675.1244,3.2383,586.1790,675.1598,379.1156,379.1510,675.1244
47,314.4848,654.8773,-0.2248,567.2884,654.8774,314.4846,314.4848,654.8773
48,373.7286,638.9064,1.6881,555.9725,638.9171,373.7179,373.7286,638.9064
49,377.2830,715.7821,8.4704,620.3623,715.9940,377.0711,377.2830,715.7821
50,370.6994,657.8974,-6.7891,571.4045,658.0578,370.5390,370.6994,657.8974
51,271.7194,636.9266,-63.4073,564.3607,647.6221,261.0238,271.7194,636.9266
52,291.7276,705.2839,17.3999,614.5631,706.0147,290.9968,291.7276,705.2839
53,377.8312,838.2606,-6.1447,727.2067,838.3426,377.7492,377.8312,838.2606
54,376.6913,847.6657,0.8611,735.6136,847.6672,376.6897,376.6913,847.6657
55,361.0002,800.0853,-16.0110,694.5471,800.6683,360.4172,361.0002,800.0853
56,314.7660,769.8741,24.4093,671.7447,771.1795,313.4606,314.7660,769.8741
57,366.9208,820.0393,-16.2568,712.0385,820.6218,366.3382,366.9208,820.0393
58,276.1198,710.0353,-73.6575,632.9406,722.1978,263.9573,276.1198,710.0353
59,367.6480,631.0357,139.5292,599.8144,691.2055,307.4782,367.6480,631.0357
60,351.3284,362.3412,175.6547,469.0264,532.5758,181.0938,351.3284,362.3412
61,311.4944,595.6925,50.1319,523.3193,604.2764,302.9105,311.4944,595.6925
62,301.5216,532.7381,69.2636,478.0015,551.8989,282.3607,301.5216,532.7381
63,358.3109,689.4534,2.7847,597.2581,689.4768,358.2874,358.3109,689.4534
64,353.4293,659.6919,1.3650,571.8014,659.6980,353.4232,353.4293,659.6919
65,368.3667,663.0161,7.0777,575.5012,663.1860,368.1968,368.3667,663.0161
66,364.3152,728.2866,4.4147,630.7611,728.3402,364.2617,364.3152,728.2866
67,369.4086,730.7142,9.1813,633.0298,730.9473,369.1754,369.4086,730.7142
68,399.7411,647.0545,-2.2519,565.5381,647.0750,399.7206,399.7411,647.0545
69,306.8600,1182.5211,-25.2728,1063.7513,1183.2499,306.1312,306.8600,1182.5211
70,190.6667,533.9755,58.7776,479.6214,543.7599,180.8823,190.6667,533.9755
71,278.4591,696.8795,-49.9022,613.6764,702.7487,272.5899,278.4591,696.8795
72,306.6168,607.6447,7.5684,526.4064,607.8349,306.4267,306.6168,607.6447
73,391.4708,674.6688,11.1864,587.1027,675.1099,391.0296,391.4708,674.6688
74,355.0531,685.9211,-7.1876,594.2785,686.0771,354.8971,355.0531,685.9211
75,377.5303,526.0918,79.1604,489.3723,560.3652,343.2569,377.5303,526.0918
76,359.9939,688.6008,64.8128,607.0228,700.9221,347.6726,359.9939,688.6008
77,369.3707,730.4262,11.8970,632.9169,730.8178,368.9791,369.3707,730.4262
78,365.8141,606.2749,-8.5016,528.9822,606.5751,365.5139,365.8141,606.2749
79,356.4202,799.7824,-37.5894,697.0420,802.9467,353.2558,356.4202,799.7824
80,376.8269,780.0291,-35.3038,678.4151,783.0969,373.7591,376.8269,780.0291
81,397.9998,586.1481,-16.9278,519.1785,587.6590,396.4890,397.9998,586.1481
82,393.4717,614.4430,-9.3527,539.3113,614.8382,393.0765,393.4717,614.4430
83,409.7276,795.4739,-23.9266,690.2501,796.9523,408.2492,409.7276,795.4739
84,395.3532,796.6313,-21.3436,690.8990,797.7633,394.2211,395.3532,796.6313
85,399.7393,616.9127,-37.0463,545.7892,623.0583,393.5937,399.7393,616.9127
86,164.4091,380.8320,-13.7472,331.6898,381.7018,163.5394,164.4091,380.8320
87,199.5250,574.7944,-44.9750,511.4501,580.1092,194.2101,199.5250,574.7944
88,175.8470,412.9555,101.7771,399.8914,450.6501,138.1524,175.8470,412.9555
89,274.5667,488.2514,5.3195,424.0326,488.3838,274.4344,274.5667,488.2514
90,166.6126,536.0787,-70.8433,490.7942,549.1968,153.4945,166.6126,536.0787
91,254.5072,374.3100,44.7972,340.0554,389.2081,239.6091,254.5072,374.3100
92,314.3550,367.0872,27.4525,347.0408,378.7843,302.6579,314.3550,367.0872
93,389.9845,518.1657,-77.1153,486.1556,554.3466,353.8035,389.9845,518.1657
94,351.1222,635.6084,-50.9413,558.4744,644.4551,342.2756,351.1222,635.6084
95,341.7998,681.4911,-46.6366,595.6917,687.7776,335.5133,341.7998,681.4911
96,206.7511,757.4610,53.6846,684.4950,762.6455,201.5666,206.7511,757.4610
97,243.1034,625.6502,88.5222,567.4049,645.1414,223.6122,243.1034,625.6502
98,317.4093,706.1373,151.3939,666.3365,758.1419,265.4047,317.4093,706.1373
99,310.1559,714.8779,160.1801,680.0709,770.6015,254.4323,310.1559,714.8779
100,218.4428,489.7071,62.1003,438.3226,503.2478,204.9021,218.4428,489.7071
101,210.3084,616.6857,-37.7086,546.9027,620.1551,206.8389,210.3084,616.6857
102,287.1103,520.7749,47.0344,459.0814,529.8871,277.9981,287.1103,520.7749
103,238.7407,540.9874,-9.2869,469.8590,541.2724,238.4557,238.7407,540.9874
104,275.0441,613.6052,30.9967,535.0462,616.4197,272.2296,275.0441,613.6052
105,375.9678,912.3642,28.4918,795.7236,913.8733,374.4586,375.9678,912.3642
106,340.1243,636.2532,-26.4891,553.3557,638.6040,337.7735,340.1243,636.2532
107,152.4180,638.6388,8.5257,577.9003,638.7882,152.2686,152.4180,638.6388
108,320.9048,838.3427,73.3749,743.5871,848.5463,310.7012,320.9048,838.3427
109,356.8856,839.3452,63.7863,737.9184,847.6359,348.5948,356.8856,839.3452
110,363.0782,816.7068,57.8716,715.7895,823.9733,355.8116,363.0782,816.7068
111,301.8671,650.2692,-9.9885,563.8956,650.5554,301.5809,301.8671,650.2692
112,279.5181,703.2877,-9.5640,613.5444,703.5035,279.3023,279.5181,703.2877
113,305.3500,736.1959,-3.6640,640.6761,736.2270,305.3188,305.3500,736.1959
114,320.6459,760.7274,-4.1687,661.5496,760.7668,320.6064,320.6459,760.7274
115,331.1225,759.3264,-20.0264,660.2968,760.2610,330.1879,331.1225,759.3264
116,284.1354,750.9590,-7.4730,656.8606,751.0786,284.0158,284.1354,750.9590
117,279.4381,561.4838,-17.0736,487.1594,562.5136,278.4083,279.4381,561.4838
118,289.3499,767.4042,18.1475,671.9913,768.0921,288.6620,289.3499,767.4042
119,331.9461,545.3734,19.0944,477.1578,547.0682,330.2513,331.9461,545.3734
120,298.3747,525.3137,42.9069,462.3469,533.1551,290.5333,298.3747,525.3137
121,294.9114,729.2591,-21.9761,636.5325,730.3682,293.8023,294.9114,729.2591
122,293.4746,741.6880,-3.7629,646.9964,741.7196,293.4430,293.4746,741.6880
123,351.9387,845.5183,35.2086,738.1805,848.0172,349.4398,351.9387,845.5183
124,358.5473,852.1687,25.0533,742.3530,853.4370,357.2790,358.5473,852.1687
125,314.5490,850.7054,29.9690,746.8243,852.3753,312.8791,314.5490,850.7054
126,312.3134,848.6024,37.5065,746.2279,851.2128,309.7030,312.3134,848.6024
127,342.4216,572.0209,23.7955,500.2867,574.4611,339.9814,342.4216,572.0209
128,338.6993,781.7036,17.8942,679.6880,782.4252,337.9777,338.6993,781.7036
129,322.8848,733.6255,-42.2851,641.0526,737.9335,318.5768,322.8848,733.6255
130,325.9807,765.4728,-25.4106,666.7982,766.9372,324.5164,325.9807,765.4728
131,320.2659,758.8734,-2.6416,659.8779,758.8893,320.2500,320.2659,758.8734
132,309.6604,588.0101,-45.1804,515.4472,595.1600,302.5105,309.6604,588.0101
133,313.2338,583.6268,-32.2789,508.9694,587.4268,309.4338,313.2338,583.6268
134,308.5877,613.8268,-22.0381,532.9609,615.4097,307.0048,308.5877,613.8268
135,254.2922,647.3590,-35.9423,568.3268,650.6185,251.0327,254.2922,647.3590
136,247.9461,721.7135,-97.9472,657.4059,741.1646,228.4950,247.9461,721.7135
137,355.4052,844.4546,-15.9658,734.8861,844.9752,354.8845,355.4052,844.4546
138,345.8938,758.9181,-22.9049,659.2936,760.1845,344.6275,345.8938,758.9181
139,346.2523,784.8444,-6.8607,681.3652,784.9517,346.1450,346.2523,784.8444
140,300.0564,847.9752,-14.2754,745.1622,848.3469,299.6847,300.0564,847.9752
141,377.9146,832.6137,6.4283,722.1718,832.7046,377.8237,377.9146,832.6137
142,391.2977,863.4989,-15.0897,749.3612,863.9806,390.8160,391.2977,863.4989
143,406.2319,866.1494,-4.1796,750.6225,866.1874,406.1939,406.2319,866.1494
144,404.4567,843.6457,-5.0470,730.8773,843.7037,404.3987,404.4567,843.6457
145,340.6526,801.3715,12.0477,696.9122,801.6864,340.3378,340.6526,801.3715
146,355.2917,875.9573,-50.4651,768.0841,880.8035,350.4456,355.2917,875.9573
147,309.9656,881.9604,-43.9165,778.6793,885.3126,306.6134,309.9656,881.9604
148,317.3185,853.4358,-92.0697,763.9785,868.8066,301.9477,317.3185,853.4358
149,370.7249,844.3008,-94.4610,751.0301,862.4470,352.5787,370.7249,844.3008
150,361.1668,910.8796,-64.2253,802.2084,918.2836,353.7628,361.1668,910.8796
151,401.7241,861.2354,2.6359,746.4251,861.2505,401.7089,401.7241,861.2354
152,400.8028,857.2987,-11.6092,743.2365,857.5937,400.5077,400.8028,857.2987
153,382.1497,816.1561,4.3407,707.3273,816.1995,382.1063,382.1497,816.1561
154,389.5848,599.3930,-13.3484,527.3219,600.2388,388.7389,389.5848,599.3930
155,407.3494,816.8778,-3.9292,707.4705,816.9155,407.3117,407.3494,816.8778
156,340.7292,719.2526,43.6842,627.7541,724.2286,335.7532,340.7292,719.2526
157,374.9591,626.1268,0.8427,545.7649,626.1296,374.9563,374.9591,626.1268
158,337.5686,764.2820,-0.6108,663.3876,764.2829,337.5678,337.5686,764.2820
159,333.7506,797.9561,3.5160,694.1485,797.9827,333.7240,333.7506,797.9561
160,302.7735,837.1529,-27.2663,735.7033,838.5405,301.3859,302.7735,837.1529
161,373.5072,564.1684,-49.4607,504.3925,576.2356,361.4400,373.5072,564.1684
162,424.7596,615.7600,-50.0100,552.7514,628.0619,412.4578,424.7596,615.7600
163,380.9482,628.0007,-17.4861,548.8059,629.2322,379.7167,380.9482,628.0007
164,421.5506,775.8472,-18.2355,673.4853,776.7833,420.6145,421.5506,775.8472
165,283.9428,701.4415,5.7311,611.2061,701.5201,283.8641,283.9428,701.4415
166,336.4847,780.5715,-44.6971,682.5372,785.0256,332.0306,336.4847,780.5715
167,369.6349,816.1296,0.3881,707.8333,816.1300,369.6346,369.6349,816.1296
168,348.8547,571.2472,-28.3129,501.1443,574.7952,345.3068,348.8547,571.2472
169,342.7757,777.4101,-17.8022,675.5258,778.1380,342.0477,342.7757,777.4101
170,335.8579,847.5569,1.8517,739.2596,847.5636,335.8512,335.8579,847.5569
171,378.9151,816.2849,-0.9908,707.5294,816.2871,378.9128,378.9151,816.2849
172,375.3714,792.3795,4.3656,686.5781,792.4252,375.3257,375.3714,792.3795
173,136.7387,644.1929,-164.7868,653.4983,693.0086,87.9230,136.7387,644.1929
174,373.4460,607.5961,-59.1830,540.5909,621.7049,359.3372,373.4460,607.5961
175,369.6180,688.4456,-60.6941,605.9408,699.6088,358.4548,369.6180,688.4456
176,324.1690,563.5124,-83.4172,510.7189,589.7165,297.9649,324.1690,563.5124
177,371.0997,792.2050,19.4536,687.3515,793.1018,370.2029,371.0997,792.2050
178,362.0424,645.0900,-3.6722,560.0949,645.1376,361.9948,362.0424,645.0900
179,360.9160,777.5808,-25.0994,675.3820,779.0873,359.4095,360.9160,777.5808
180,356.4170,835.6276,-14.1650,726.6888,836.0460,355.9987,356.4170,835.6276
181,379.2866,836.8610,-4.0373,725.8329,836.8966,379.2510,379.2866,836.8610
182,351.7940,831.7933,-12.0982,723.5042,832.0980,351.4893,351.7940,831.7933
183,351.6458,748.7440,-4.7817,648.8824,748.8016,351.5882,351.6458,748.7440
184,411.5719,779.2183,-17.1866,675.8361,780.0200,410.7703,411.5719,779.2183
185,212.2161,771.8753,95.3993,710.1590,787.6901,196.4013,212.2161,771.8753
186,335.1706,709.1524,11.7618,614.7881,709.5219,334.8011,335.1706,709.1524
187,342.9292,841.1444,-41.0831,736.0264,844.5094,339.5642,342.9292,841.1444
188,374.8295,792.2924,-65.7867,695.8689,802.4142,364.7078,374.8295,792.2924
189,372.2803,756.1624,-31.6893,657.1777,758.7608,369.6819,372.2803,756.1624
190,374.7535,786.1655,-3.8056,681.1179,786.2007,374.7183,374.7535,786.1655
191,350.5395,830.6145,21.8056,723.2300,831.6029,349.5511,350.5395,830.6145
192,384.0023,824.1608,18.6798,715.0286,824.9521,383.2109,384.0023,824.1608
193,345.2431,831.6263,7.0413,723.7615,831.7283,345.1412,345.2431,831.6263
194,227.6949,514.3704,-24.0921,448.3789,516.3810,225.6844,227.6949,514.3704
195,249.6402,569.9089,-50.2323,502.4082,577.6027,241.9463,249.6402,569.9089
196,238.8027,513.9997,-22.7736,447.2514,515.8716,236.9308,238.8027,513.9997
197,295.6020,597.8915,-18.1493,518.7534,598.9773,294.5162,295.6020,597.8915
198,336.2905,541.0984,-17.9178,474.2106,542.6541,334.7348,336.2905,541.0984
199,359.4194,748.4297,61.3703,656.9841,757.8818,349.9673,359.4194,748.4297
200,370.1953,685.2658,40.7395,598.2731,690.4483,365.0128,370.1953,685.2658
201,308.6496,750.4182,92.4957,672.6382,769.0028,290.0651,308.6496,750.4182
202,164.2762,517.5047,56.3277,468.2974,526.2695,155.5113,164.2762,517.5047
203,219.6413,440.0541,72.4977,401.2526,461.7620,197.9335,219.6413,440.0541
204,242.6828,395.8538,58.7663,360.4008,415.8023,222.7343,242.6828,395.8538
205,343.9164,535.1678,75.7369,487.6867,561.5272,317.5571,343.9164,535.1678
206,356.2921,660.6350,32.6598,575.5029,664.1003,352.8267,356.2921,660.6350
207,367.2351,761.8343,35.1651,662.7146,764.9436,364.1258,367.2351,761.8343
208,297.0098,899.3661,24.3710,794.8179,900.3505,296.0254,297.0098,899.3661
209,287.1692,469.2739,47.5159,417.9670,480.9264,275.5167,287.1692,469.2739
210,150.0492,549.8655,64.4170,504.7857,559.9878,139.9268,150.0492,549.8655
211,220.6733,1261.6489,111.9812,1183.0730,1273.5588,208.7634,220.6733,1261.6489
212,156.1653,1144.6322,55.0760,1079.3140,1147.6915,153.1060,156.1653,1144.6322
213,356.7640,1008.1285,35.0647,887.4843,1010.0107,354.8818,356.7640,1008.1285
214,326.5314,1094.6768,-16.2837,973.8014,1095.0218,326.1863,326.5314,1094.6768
215,170.7520,1142.1245,37.4656,1069.0161,1143.5674,169.3091,170.7520,1142.1245
216,106.7754,1142.6013,-30.3374,1094.3939,1143.4891,105.8877,106.7754,1142.6013
217,120.2674,1170.2725,23.0710,1115.7298,1170.7791,119.7607,120.2674,1170.2725
218,197.6103,657.7491,38.9164,588.4294,661.0173,194.3422,197.6103,657.7491
219,192.7903,671.1430,-31.3175,600.9605,673.1847,190.7487,192.7903,671.1430
220,243.1536,441.5407,51.7566,393.3903,454.2315,230.4629,243.1536,441.5407
221,85.6428,639.1471,43.7836,605.6867,642.5891,82.2008,85.6428,639.1471
222,96.9055,657.8437,22.7412,616.4023,658.7641,95.9850,96.9055,657.8437
223,124.2913,607.7646,-68.5169,568.6563,617.2872,114.7688,124.2913,607.7646
224,124.9512,968.5169,37.4464,914.7826,970.1759,123.2922,124.9512,968.5169
225,126.3149,580.8070,74.4602,544.5739,592.6950,114.4269,126.3149,580.8070
226,228.2871,889.3390,9.3588,800.1731,889.4715,228.1546,228.2871,889.3390
227,194.1548,1144.4823,10.6637,1060.9761,1144.6020,194.0351,194.1548,1144.4823
228,168.7207,1136.7729,13.4507,1062.7629,1136.9598,168.5338,168.7207,1136.7729
229,107.6704,480.6194,-47.3287,444.4767,486.5319,101.7579,107.6704,480.6194
230,106.1872,509.9109,103.8328,499.4823,535.0501,81.0480,106.1872,509.9109
231,282.9004,202.9360,91.6073,298.2963,342.8706,142.9658,282.9004,202.9360
232,216.6186,558.2539,61.2762,498.9060,568.9120,205.9605,216.6186,558.2539
233,158.6508,516.3866,23.1600,459.9013,517.8797,157.1576,158.6508,516.3866
234,326.9995,687.0391,-86.1170,613.6272,706.5770,307.4616,326.9995,687.0391
235,319.1821,818.9167,-71.4715,725.5638,828.9376,309.1613,319.1821,818.9167
236,340.2938,800.9715,-87.1178,712.4312,816.8958,324.3696,340.2938,800.9715
237,354.5682,923.8881,-33.1689,809.3250,925.8140,352.6422,354.5682,923.8881
238,293.6148,792.4012,-80.1704,707.6231,804.9703,281.0456,293.6148,792.4012
239,293.1696,783.4870,-65.4893,694.9621,792.0834,284.5732,293.1696,783.4870
240,321.0934,798.4841,-28.9488,697.7134,800.2331,319.3444,321.0934,798.4841
241,371.4376,777.2440,-12.2002,673.6639,777.6105,371.0711,371.4376,777.2440
242,372.4017,788.7178,-41.6743,687.2039,792.8485,368.2710,372.4017,788.7178
243,364.6277,811.2355,-24.2938,705.0022,812.5531,363.3101,364.6277,811.2355
244,286.1390,753.2655,-32.7785,661.0364,755.5543,283.8501,286.1390,753.2655
245,274.9906,863.1134,-1.3554,763.7029,863.1166,274.9875,274.9906,863.1134
246,273.0983,883.7753,-1.8632,783.7693,883.7809,273.0926,273.0983,883.7753
247,353.9609,885.8106,6.2188,772.3487,885.8833,353.8882,353.9609,885.8106
248,320.2774,816.9231,-18.6156,713.6796,817.6199,319.5806,320.2774,816.9231
249,370.6744,768.6997,-32.5150,668.2313,771.3384,368.0357,370.6744,768.6997
250,385.3623,805.5832,-29.6823,699.7644,807.6695,383.2760,385.3623,805.5832
251,373.2386,789.0344,-47.2204,688.5300,794.3296,367.9434,373.2386,789.0344
252,299.6868,784.9744,50.1202,691.5827,790.0967,294.5645,299.6868,784.9744
253,287.0236,726.9448,-76.0108,647.6989,739.7079,274.2605,287.0236,726.9448
254,304.0781,690.3810,59.6494,608.1397,699.3818,295.0773,304.0781,690.3810
255,369.5765,789.2454,-29.4337,685.8626,791.2997,367.5222,369.5765,789.2454
256,397.2644,781.4791,-9.6451,677.0184,781.7211,397.0224,397.2644,781.4791
257,418.9795,812.7504,-27.3889,705.5719,814.6463,417.0836,418.9795,812.7504
258,427.6936,741.9100,-21.3257,646.0700,743.3508,426.2529,427.6936,741.9100
259,412.3849,805.7467,-24.4662,699.1473,807.2625,410.8690,412.3849,805.7467
260,395.4785,791.5726,-47.6589,690.4742,797.2263,389.8248,395.4785,791.5726
261,434.5795,723.6412,-28.8948,632.8831,726.5013,431.7194,434.5795,723.6412
262,429.9080,806.5427,-40.7569,702.5498,810.9026,425.5480,429.9080,806.5427
263,446.9135,715.6579,-31.8260,628.5693,719.3754,443.1959,446.9135,715.6579
264,395.5879,798.2321,-57.6081,698.4622,806.3122,387.5078,395.5879,798.2321
265,409.8704,813.4437,-23.5370,705.6485,814.8117,408.5023,409.8704,813.4437
266,418.5226,794.1354,-17.8766,688.7723,794.9843,417.6737,418.5226,794.1354
267,253.2429,750.0808,-29.4614,662.8759,751.8217,251.5020,253.2429,750.0808
268,195.4345,720.9335,-52.1296,652.0713,726.0549,190.3131,195.4345,720.9335
269,386.2436,555.1449,100.5661,522.7709,602.0162,339.3723,386.2436,555.1449
270,395.4278,602.8978,-198.7465,632.4135,723.3527,274.9729,395.4278,602.8978
271,273.6786,689.0133,-190.9908,685.9326,763.4863,199.2055,273.6786,689.0133
272,397.1719,756.2842,-73.0971,667.3575,770.5930,382.8631,397.1719,756.2842
273,423.1440,509.3325,74.6940,489.5785,552.4723,380.0042,423.1440,509.3325
274,399.8300,704.9866,96.1890,634.6277,732.7759,372.0408,399.8300,704.9866
275,197.0471,556.9473,-129.7089,538.2808,598.8224,155.1719,197.0471,556.9473
276,209.0023,778.4099,-10.0546,698.0098,778.5874,208.8248,209.0023,778.4099
277,343.0252,840.9415,22.1278,733.3851,841.9230,342.0437,343.0252,840.9415
278,343.3634,529.2150,-48.9867,472.7081,541.3363,331.2421,343.3634,529.2150
279,233.5814,498.8984,-116.9904,477.4796,543.1157,189.3642,233.5814,498.8984
280,284.4785,455.6160,-134.0908,461.3480,529.1144,210.9802,284.4785,455.6160
281,393.7181,837.3487,-4.3266,725.6333,837.3909,393.6759,393.7181,837.3487
282,354.6592,791.2389,67.8345,696.4385,801.5360,344.3621,354.6592,791.2389
283,379.0794,786.4994,-43.5409,685.4372,791.1006,374.4781,379.0794,786.4994
284,372.8772,814.4847,-38.3341,709.3155,817.7876,369.5742,372.8772,814.4847
285,334.3517,725.7157,41.6067,633.2483,730.0901,329.9773,334.3517,725.7157
286,332.2672,709.2615,-41.1153,618.7572,713.6935,327.8352,332.2672,709.2615
287,316.9170,707.7098,46.4717,619.2602,713.1601,311.4668,316.9170,707.7098
288,314.8456,679.7390,-64.3470,599.6513,690.7538,303.8308,314.8456,679.7390
289,300.7994,885.4093,1.2667,779.8104,885.4121,300.7966,300.7994,885.4093
290,185.2570,690.1309,-17.7234,619.4284,690.7523,184.6356,185.2570,690.1309
291,261.5663,1024.3689,-76.9190,931.4278,1032.0479,253.8873,261.5663,1024.3689
292,276.7713,644.2779,129.7504,603.2282,685.4700,235.5792,276.7713,644.2779
293,304.9364,857.5022,-65.4634,761.3600,865.1519,297.2867,304.9364,857.5022
294,322.3599,1017.4338,16.8923,901.0903,1017.8441,321.9496,322.3599,1017.4338
295,306.4996,704.7620,-59.8373,620.7767,713.5580,297.7035,306.4996,704.7620
296,292.5205,687.4507,-180.7517,674.5938,757.6862,222.2850,292.5205,687.4507
297,414.8794,762.0602,-13.1197,661.2216,762.5553,414.3843,414.8794,762.0602
298,352.2834,827.8361,-62.4267,727.6500,835.8944,344.2251,352.2834,827.8361
299,353.1525,895.8869,94.1894,798.4737,911.7684,337.2710,353.1525,895.8869
300,368.3360,870.7579,46.4294,761.3319,875.0124,364.0814,368.3360,870.7579
301,399.0834,792.4250,4.2443,686.3055,792.4708,399.0376,399.0834,792.4250
302,332.8405,771.4708,-14.6794,670.6860,771.9615,332.3498,332.8405,771.4708
303,394.4165,767.1644,-40.0177,668.0775,771.4122,390.1686,394.4165,767.1644
304,338.1185,781.0408,-26.1656,679.9400,782.5812,336.5781,338.1185,781.0408
305,349.6093,854.4660,-28.3413,745.6670,856.0520,348.0233,349.6093,854.4660
306,358.2268,814.6005,33.4670,709.5413,817.0417,355.7857,358.2268,814.6005
307,352.8997,748.6898,-57.3352,656.2958,756.8282,344.7613,352.8997,748.6898
308,379.7723,808.3274,-23.2626,701.6148,809.5865,378.5133,379.7723,808.3274
309,324.3964,553.6569,15.5478,482.5867,554.7065,323.3468,324.3964,553.6569
310,326.2599,546.1860,-25.0586,477.9643,549.0051,323.4409,326.2599,546.1860
311,186.1854,538.2943,-55.9986,483.3330,546.9857,177.4940,186.1854,538.2943
312,357.4685,685.0735,-195.4920,683.2778,776.3168,266.2251,357.4685,685.0735
313,352.9933,685.3783,29.7852,595.8819,688.0263,350.3454,352.9933,685.3783
314,397.2365,833.1784,15.6877,722.3244,833.7422,396.6727,397.2365,833.1784
315,247.0564,655.5767,28.4543,575.5712,657.5490,245.0841,247.0564,655.5767
316,267.3578,1192.3745,-25.1515,1084.5941,1193.0579,266.6744,267.3578,1192.3745
317,299.1900,737.3933,-93.5001,662.4724,756.5096,280.0737,299.1900,737.3933
318,264.6753,751.3154,97.8921,681.4850,770.2691,245.7216,264.6753,751.3154
319,337.2229,556.1172,54.1125,494.2011,568.7637,324.5764,337.2229,556.1172
320,259.9843,988.0633,80.2537,897.9432,996.8045,251.2432,259.9843,988.0633
321,271.0554,1149.9807,52.4575,1045.2146,1153.1005,267.9356,271.0554,1149.9807
322,339.1817,866.8987,-96.4256,774.8646,883.9659,322.1146,339.1817,866.8987
323,274.8722,704.4537,-40.1541,618.8797,708.1748,271.1511,274.8722,704.4537
324,377.9834,717.9698,-64.0575,631.8872,729.6385,366.3147,377.9834,717.9698
325,353.8614,657.9288,1.4617,570.3323,657.9358,353.8544,353.8614,657.9288
326,322.4135,746.4953,-13.2184,648.8834,746.9069,322.0019,322.4135,746.4953
327,379.0207,803.4150,-10.4060,696.3808,803.6700,378.7657,379.0207,803.4150
328,380.4825,831.1077,0.1680,720.6144,831.1078,380.4825,380.4825,831.1077
329,356.0835,849.7779,3.4084,739.1623,849.8014,356.0600,356.0835,849.7779
330,416.9226,797.0762,-27.0766,692.1237,798.9951,415.0038,416.9226,797.0762
331,434.3565,721.7609,-29.4434,631.4298,724.7463,431.3712,434.3565,721.7609
332,181.7977,516.1324,2.2787,453.4611,516.1480,181.7822,181.7977,516.1324
333,213.7890,332.5296,42.2678,300.9156,346.0386,200.2799,213.7890,332.5296
334,130.8920,604.7758,47.7464,557.2839,609.5387,126.1291,130.8920,604.7758
335,392.1782,850.2603,16.0685,737.6092,850.8233,391.6152,392.1782,850.2603
336,388.2934,653.7405,14.9547,570.0668,654.5803,387.4535,388.2934,653.7405
337,315.2545,754.2038,-4.2882,656.1233,754.2457,315.2126,315.2545,754.2038
338,215.3950,390.3699,21.7462,340.7618,393.0321,212.7328,215.3950,390.3699
339,87.5921,523.6448,34.5006,489.4691,526.3576,84.8793,87.5921,523.6448
340,203.1479,569.1409,26.6148,501.6928,571.0662,201.2227,203.1479,569.1409
341,253.2195,652.1229,62.1147,579.5074,661.5712,243.7712,253.2195,652.1229
342,217.4428,539.5134,74.6044,487.5861,555.9553,201.0009,217.4428,539.5134
343,186.9921,536.2798,128.0694,521.0444,578.2052,145.0667,186.9921,536.2798
344,337.1523,791.5467,50.3661,693.5101,797.0624,331.6366,337.1523,791.5467
345,341.9027,520.0469,-89.6653,483.3843,557.3619,304.5877,341.9027,520.0469
346,286.1940,769.4479,0.7335,673.6077,769.4490,286.1929,286.1940,769.4479
347,364.5559,672.1314,29.4383,585.0060,674.9236,361.7637,364.5559,672.1314
348,311.2766,695.9796,-28.8417,605.9160,698.1299,309.1263,311.2766,695.9796
349,234.5779,698.5242,30.9515,618.0441,700.5800,232.5222,234.5779,698.5242
350,197.6203,515.2945,-61.0562,462.5290,526.6252,186.2896,197.6203,515.2945
351,373.0261,808.6204,-47.8221,705.8610,813.8088,367.8377,373.0261,808.6204
352,384.2254,843.9731,-37.6514,734.7767,847.0362,381.1624,384.2254,843.9731
353,373.0691,665.4433,-191.1008,665.8060,759.8601,278.6524,373.0691,665.4433
354,293.5027,270.8342,11.7478,283.5815,298.4925,265.8444,293.5027,270.8342
355,329.6978,509.2421,142.3390,510.7967,587.7537,251.1862,329.6978,509.2421
356,144.6216,465.6213,-18.7212,414.0424,466.7094,143.5335,144.6216,465.6213
357,354.1675,667.0531,19.9859,579.0891,668.3246,352.8961,354.1675,667.0531
358,291.8875,767.5579,61.3345,679.4032,775.3393,284.1062,291.8875,767.5579
359,233.8713,670.8805,-22.9009,591.1431,672.0773,232.6745,233.8713,670.8805
360,338.4099,457.6941,102.0774,447.6341,516.2763,279.8277,338.4099,457.6941
361,311.1101,759.3366,-149.0606,709.7898,804.3810,266.0657,311.1101,759.3366
362,393.6801,819.9518,27.5570,711.8880,821.7259,391.9060,393.6801,819.9518
363,336.9246,841.6757,35.6912,736.3263,844.1869,334.4134,336.9246,841.6757
364,306.1615,702.4729,62.8105,619.6518,712.1894,296.4450,306.1615,702.4729
365,396.2183,751.2557,-66.9092,661.1682,763.4466,384.0274,396.2183,751.2557
366,388.8549,568.9828,-54.4521,512.4382,584.1640,373.6737,388.8549,568.9828
367,278.5138,827.5806,84.7227,743.9763,840.3563,265.7380,278.5138,827.5806
368,353.7300,735.0612,-92.6044,656.6228,756.3601,332.4311,353.7300,735.0612
369,309.9492,674.4809,-17.5908,585.5480,675.3278,309.1023,309.9492,674.4809
370,328.2784,482.4647,-13.8326,427.4695,483.6958,327.0473,328.2784,482.4647
371,68.5864,665.8375,-94.7121,655.2003,680.4971,53.9268,68.5864,665.8375
372,283.0206,849.4301,9.0168,749.3129,849.5736,282.8771,283.0206,849.4301
373,295.3025,873.3745,36.2239,772.0191,875.6356,293.0414,295.3025,873.3745
374,231.6482,906.3936,12.1824,815.8989,906.6135,231.4284,231.6482,906.3936
375,333.0216,649.2250,65.8089,573.7447,662.3745,319.8721,333.0216,649.2250
376,238.4374,751.3798,-96.1380,685.5615,768.8064,221.0109,238.4374,751.3798
377,397.0738,604.3288,41.6210,536.7632,612.3748,389.0278,397.0738,604.3288
378,340.9401,833.4720,-36.6643,728.5496,836.1864,338.2258,340.9401,833.4720
379,341.5430,822.7078,-27.7880,717.5139,824.3073,339.9435,341.5430,822.7078
380,408.1717,786.2927,-27.8550,682.8219,788.3337,406.1308,408.1717,786.2927
381,408.6743,800.1609,-23.5279,694.2101,801.5698,407.2654,408.6743,800.1609
382,324.7681,868.3985,-25.4431,761.2518,869.5867,323.5799,324.7681,868.3985
383,367.7876,831.6347,-4.6366,721.8612,831.6811,367.7412,367.7876,831.6347
384,354.9610,837.6098,19.7219,728.9962,838.4143,354.1565,354.9610,837.6098
385,392.8032,778.7696,23.1915,675.6381,780.1581,391.4147,392.8032,778.7696
386,398.9902,801.3895,-50.0999,699.4296,807.5333,392.8464,398.9902,801.3895
387,404.5733,792.7188,-39.1271,689.9004,796.6238,400.6683,404.5733,792.7188
388,358.6466,753.6968,-6.3036,653.0656,753.7974,358.5461,358.6466,753.6968
389,291.4666,816.4127,-41.4758,720.1987,819.6695,288.2098,291.4666,816.4127
390,348.2210,809.8463,-20.1432,704.5003,810.7236,347.3437,348.2210,809.8463
391,352.5406,629.7326,22.1078,548.0036,631.4847,350.7885,352.5406,629.7326
392,350.2393,789.8865,11.7083,685.8208,790.1981,349.9277,350.2393,789.8865
393,385.2221,799.2769,-32.9195,694.6881,801.8778,382.6211,385.2221,799.2769
394,254.8911,466.1419,93.8454,435.7330,501.8095,219.2235,254.8911,466.1419
395,355.4826,741.7129,-53.4387,649.1587,748.9703,348.2252,355.4826,741.7129
396,107.3994,975.4308,-45.6473,929.7797,977.8247,105.0055,107.3994,975.4308
397,155.4681,1108.8365,14.4898,1040.1586,1109.0567,155.2479,155.4681,1108.8365
398,158.7913,548.0242,4.1204,488.4410,548.0678,158.7477,158.7913,548.0242
399,262.8375,673.2784,-2.1865,587.7405,673.2900,262.8258,262.8375,673.2784
400,321.5839,848.7869,-98.4930,761.5785,866.5865,303.7842,321.5839,848.7869
401,288.9936,764.9506,-32.6560,671.4165,767.1807,286.7635,288.9936,764.9506
402,369.9405,730.6047,11.8601,633.0726,730.9942,369.5510,369.9405,730.6047
403,392.9497,729.8500,5.8104,632.7697,729.9502,392.8496,392.9497,729.8500
404,295.6066,755.7472,-14.4617,660.1217,756.2012,295.1526,295.6066,755.7472
405,299.6348,450.0098,5.6614,396.9224,450.2226,299.4220,299.6348,450.0098
406,313.6344,673.1941,-53.6635,590.8125,681.0324,305.7961,313.6344,673.1941
407,377.3885,807.1737,-1.3728,699.5277,807.1781,377.3842,377.3885,807.1737
408,335.1561,794.0707,81.5708,704.7706,808.1385,321.0884,335.1561,794.0707
409,336.7446,633.8880,-31.3001,551.9888,637.1493,333.4834,336.7446,633.8880
410,234.4423,564.4843,-65.4799,504.1127,577.0008,221.9258,234.4423,564.4843
411,319.1617,731.2611,15.8675,635.5878,731.8712,318.5517,319.1617,731.2611
412,343.3665,746.3443,13.5731,647.4669,746.8009,342.9099,343.3665,746.3443
413,249.7021,354.2478,-10.5278,315.7827,355.2974,248.6524,249.7021,354.2478
414,283.7252,715.9391,125.7521,661.3468,749.8638,249.8005,283.7252,715.9391
415,301.2768,573.6770,-56.3469,506.5199,584.8725,290.0814,301.2768,573.6770
416,285.5571,730.9958,23.1207,639.3437,732.1927,284.3602,285.5571,730.9958
417,275.2558,743.2794,-15.6665,651.4403,743.8033,274.7320,275.2558,743.2794
418,270.6624,969.4670,45.4210,870.0088,972.4069,267.7225,270.6624,969.4670
419,282.4915,849.4694,24.9892,750.5366,850.5687,281.3922,282.4915,849.4694
420,147.9004,605.2879,-43.6011,551.7507,609.4071,143.7812,147.9004,605.2879
421,214.1024,446.7246,-73.7091,407.5009,468.1135,192.7135,214.1024,446.7246
422,289.4188,639.2384,-34.8753,557.7009,642.6815,285.9758,289.4188,639.2384
423,383.1107,534.8397,-51.8264,485.7803,550.8523,367.0981,383.1107,534.8397
424,246.8953,646.7793,-142.1271,616.5990,692.1471,201.5275,246.8953,646.7793
425,231.1737,457.7163,-2.7172,396.4286,457.7488,231.1412,231.1737,457.7163
426,437.2382,627.8886,59.1029,566.8897,644.7242,420.4026,437.2382,627.8886
427,368.3596,647.6219,-6.1318,562.7237,647.7565,368.2251,368.3596,647.6219
428,358.0742,830.9604,-69.0523,731.7592,840.8373,348.1972,358.0742,830.9604
429,342.8897,791.6258,-120.4212,718.5459,821.8992,312.6163,342.8897,791.6258
430,288.3763,785.8635,-92.3635,706.9023,802.4581,271.7816,288.3763,785.8635
431,376.8391,715.6373,1.9692,620.0612,715.6487,376.8277,376.8391,715.6373
432,361.6420,682.6051,21.9164,592.7200,684.0947,360.1524,361.6420,682.6051
433,295.6605,633.4331,30.2215,551.4630,636.1158,292.9778,295.6605,633.4331
434,253.7895,740.1923,33.9416,654.1382,742.5494,251.4324,253.7895,740.1923
435,282.4066,762.5094,-99.2899,689.5011,782.2332,262.6828,282.4066,762.5094
436,322.5189,615.7267,-146.4385,590.6666,676.3351,261.9104,322.5189,615.7267
437,307.1073,711.5686,18.3072,618.9688,712.3956,306.2804,307.1073,711.5686
438,308.3302,773.0140,48.4533,679.2038,778.0125,303.3317,308.3302,773.0140
439,173.1453,984.3114,14.6399,910.5286,984.5755,172.8811,173.1453,984.3114
440,177.3454,1248.1210,-25.4711,1170.4081,1248.7265,176.7398,177.3454,1248.1210
441,224.9523,578.8457,-132.4911,555.0809,622.9510,180.8469,224.9523,578.8457
442,241.7658,240.0379,-33.7307,247.8895,274.6436,207.1601,241.7658,240.0379
443,407.1485,801.0656,-31.4174,695.9055,803.5556,404.6586,407.1485,801.0656
444,395.0299,800.8961,22.6102,694.7222,802.1518,393.7742,395.0299,800.8961
445,282.0707,671.1887,230.4868,707.1832,778.2543,175.0051,282.0707,671.1887
446,264.9311,587.5907,80.9467,528.6183,606.7593,245.7625,264.9311,587.5907
447,261.0067,1121.8668,22.0614,1017.5240,1122.4318,260.4417,261.0067,1121.8668
448,180.1215,649.6223,-1.8847,580.9067,649.6299,180.1139,180.1215,649.6223
449,394.3610,813.7647,-40.8427,708.3932,817.7051,390.4207,394.3610,813.7647
450,335.5756,628.7995,-0.5237,544.9687,628.8004,335.5746,335.5756,628.7995
451,324.7412,436.8417,4.3913,393.0456,437.0134,324.5694,324.7412,436.8417
452,211.2408,488.1847,34.0155,428.1280,492.3015,207.1241,211.2408,488.1847
453,330.0364,1368.3751,133.5750,1258.2876,1385.2833,313.1282,330.0364,1368.3751
454,331.0838,648.4926,-83.6410,580.0355,669.1842,310.3922,331.0838,648.4926
455,337.1554,774.9983,-19.0477,673.8618,775.8254,336.3284,337.1554,774.9983
456,364.8103,707.5807,-51.5370,619.3484,715.1618,357.2292,364.8103,707.5807
457,302.4204,648.7092,13.2568,562.6954,649.2160,301.9136,302.4204,648.7092
458,229.5937,796.6731,-25.4285,711.6389,797.8110,228.4557,229.5937,796.6731
459,367.1307,579.7480,80.6685,526.8507,606.8895,339.9892,367.1307,579.7480
460,323.8431,627.7284,69.6057,556.9261,642.9130,308.6584,323.8431,627.7284
461,353.1362,1142.8319,-40.5161,1015.9327,1144.9052,351.0629,353.1362,1142.8319
462,357.8568,812.6293,-28.8575,707.1924,814.4531,356.0330,357.8568,812.6293
463,371.8945,844.1046,-21.9612,733.7214,845.1237,370.8754,371.8945,844.1046
464,382.4380,855.9111,-0.1782,742.6371,855.9112,382.4380,382.4380,855.9111
465,368.3825,784.1375,-17.8285,680.1973,784.9006,367.6194,368.3825,784.1375
466,381.0086,844.9760,8.0494,733.0779,845.1156,380.8690,381.0086,844.9760
467,124.3015,337.0997,42.2077,304.1867,345.1657,116.2356,124.3015,337.0997
468,132.3045,431.4979,52.6510,393.6016,440.4929,123.3096,132.3045,431.4979
469,374.6792,794.5845,-10.5690,688.7451,794.8503,374.4133,374.6792,794.5845
470,376.1286,812.9756,-36.2335,707.5007,815.9605,373.1437,376.1286,812.9756
471,333.5950,553.3515,-23.6786,484.3245,555.8739,331.0726,333.5950,553.3515
472,358.6969,673.4053,23.7912,585.0537,675.1937,356.9085,358.6969,673.4053
473,356.0400,743.2465,-41.5835,647.8750,747.6620,351.6245,356.0400,743.2465
474,169.3239,442.6741,-7.8087,387.1157,442.8970,169.1010,169.3239,442.6741
475,251.1034,334.0536,5.2941,301.4080,334.3901,250.7669,251.1034,334.0536
476,377.8600,552.9567,-96.4598,517.2161,595.6742,335.1424,377.8600,552.9567
477,342.2880,642.0635,5.8722,556.5424,642.1785,342.1730,342.2880,642.0635
478,405.7150,658.3838,-15.4621,575.9122,659.3265,404.7723,405.7150,658.3838
479,308.0361,700.9639,-8.2607,608.7029,701.1375,307.8625,308.0361,700.9639
480,314.2029,841.2180,75.9664,747.9109,851.9496,303.4713,314.2029,841.2180
481,357.6325,747.6358,-13.8745,648.1195,748.1287,357.1396,357.6325,747.6358
482,181.2763,539.9115,17.7721,476.9066,540.7901,180.3978,181.2763,539.9115
483,238.6066,752.4190,59.1431,673.8168,759.1389,231.8867,238.6066,752.4190
484,349.6559,847.9779,-33.0508,740.3393,850.1604,347.4734,349.6559,847.9779
485,380.2067,812.9103,-3.2109,704.5121,812.9341,380.1829,380.2067,812.9103
486,358.5874,657.1175,35.5576,573.1905,661.2943,354.4107,358.5874,657.1175
487,299.2937,733.0069,7.6552,638.4883,733.1420,299.1587,299.2937,733.0069
488,383.9953,193.6588,149.7391,421.7314,466.2496,111.4045,383.9953,193.6588
489,418.5727,455.3883,129.7635,492.4269,568.0432,305.9178,418.5727,455.3883
490,397.3872,838.3778,-2.5589,726.3972,838.3926,397.3723,397.3872,838.3778
491,332.2751,556.1303,-21.8656,486.1417,558.2461,330.1594,332.2751,556.1303
492,396.3694,760.3016,27.9177,660.4129,762.4308,394.2403,396.3694,760.3016
493,383.3245,827.3312,15.3071,717.6219,827.8583,382.7974,383.3245,827.3312
494,323.7746,762.3564,-23.6268,663.9732,763.6256,322.5055,323.7746,762.3564
495,257.2705,507.8449,-34.2958,443.8126,512.4541,252.6613,257.2705,507.8449
496,256.8320,499.5483,55.1564,443.1003,511.4945,244.8859,256.8320,499.5483
497,291.2994,736.3839,2.4471,642.3600,736.3973,291.2859,291.2994,736.3839
498,273.9204,715.9095,-53.1689,632.4060,722.2154,267.6144,273.9204,715.9095
499,324.2559,552.8342,43.9800,487.1453,561.0043,316.0859,324.2559,552.8342
500,402.3764,800.4293,4.2305,693.2342,800.4743,402.3315,402.3764,800.4293
501,236.0507,337.3833,67.0140,321.5284,370.7286,202.7054,236.0507,337.3833
502,156.0088,630.5092,4.8264,568.8457,630.5583,155.9597,156.0088,630.5092
503,282.6776,552.7205,65.1290,491.8234,567.6076,267.7905,282.6776,552.7205
504,318.0692,749.3515,-25.9224,652.9670,750.9039,316.5167,318.0692,749.3515
505,362.1168,691.9735,-187.3373,681.6645,776.6381,277.4522,362.1168,691.9735
506,378.6378,503.8584,232.4172,607.0529,681.9508,200.5454,378.6378,503.8584
507,395.0588,759.6393,-76.1851,671.1436,774.9191,379.7791,395.0588,759.6393
508,375.0627,666.9088,46.5068,584.6327,674.1406,367.8309,375.0627,666.9088
509,221.2610,779.3303,-20.6994,696.5358,780.0970,220.4943,221.2610,779.3303
510,303.0033,580.4243,0.4811,502.8256,580.4251,303.0024,303.0033,580.4243
511,76.1256,962.0042,8.1358,926.3976,962.0789,76.0509,76.1256,962.0042
512,301.6113,540.7817,62.1761,481.5661,555.9796,286.4134,301.6113,540.7817
513,145.4403,590.1074,123.7084,573.9909,622.2065,113.3412,145.4403,590.1074
514,363.4282,829.0487,-85.5381,734.8826,844.2654,348.2115,363.4282,829.0487
515,372.4297,830.6605,-29.6123,722.4740,832.5662,370.5240,372.4297,830.6605
516,203.9013,564.9007,-9.4304,495.7533,565.1469,203.6551,203.9013,564.9007
517,145.7909,587.3392,-46.5941,535.8233,592.2024,140.9276,145.7909,587.3392
518,236.1556,490.5154,52.7823,434.6203,501.0333,225.6376,236.1556,490.5154
519,206.8644,582.5935,-14.7272,512.1922,583.1699,206.2880,206.8644,582.5935
520,229.1223,436.2736,-50.6608,388.0350,447.9994,217.3965,229.1223,436.2736
521,236.7145,412.5706,-31.4382,362.7008,418.0219,231.2632,236.7145,412.5706
522,200.1760,535.4618,-79.9071,488.6293,553.5318,182.1060,200.1760,535.4618
523,307.1670,764.9460,-56.8313,673.9564,771.8959,300.2171,307.1670,764.9460
524,323.4258,789.6311,-8.7034,687.7221,789.7936,323.2633,323.4258,789.6311
525,262.9379,1005.1289,-91.1071,916.5345,1016.1491,251.9178,262.9379,1005.1289
526,352.9434,541.9309,-33.6722,479.9882,547.7511,347.1232,352.9434,541.9309
527,382.1993,604.8886,-96.0780,555.4021,640.6106,346.4773,382.1993,604.8886
528,447.1261,718.0357,-33.5400,630.7292,722.1264,443.0355,447.1261,718.0357
529,407.2257,822.8741,-60.3313,720.2629,831.4541,398.6457,407.2257,822.8741
530,337.5594,699.7284,22.2454,607.3309,701.0896,336.1981,337.5594,699.7284
531,413.4022,818.8814,-32.1408,711.3648,821.4133,410.8704,413.4022,818.8814
532,398.4516,799.7837,-6.6818,692.7312,799.8949,398.3403,398.4516,799.7837
533,354.5331,743.5842,-50.3566,650.0718,749.9964,348.1209,354.5331,743.5842
534,369.0538,606.2235,-10.4111,529.4372,606.6796,368.5977,369.0538,606.2235
535,126.3036,977.4228,10.1220,920.9578,977.5432,126.1832,126.3036,977.4228
536,351.5398,553.6769,86.7844,508.0290,585.8239,319.3929,351.5398,553.6769
537,371.2428,788.7476,23.7430,684.7030,790.0935,369.8969,371.2428,788.7476
538,342.1769,862.9717,-8.2230,752.8074,863.1015,342.0471,342.1769,862.9717
539,334.6675,799.8497,-31.2909,697.8650,801.9451,332.5722,334.6675,799.8497
540,304.0587,752.4321,-7.4931,655.7367,752.5573,303.9335,304.0587,752.4321
541,401.3122,444.9793,149.3036,497.3501,574.0373,272.2542,401.3122,444.9793
542,306.2049,579.5044,47.7008,508.8868,587.5907,298.1186,306.2049,579.5044
543,406.3303,805.5425,-8.1190,697.7711,805.7076,406.1652,406.3303,805.5425
544,201.9604,460.0161,108.3268,441.2504,499.4605,162.5160,201.9604,460.0161
545,389.9631,767.7713,-64.8953,674.3706,778.6074,379.1270,389.9631,767.7713
546,386.3124,603.7096,-29.3628,532.0419,607.6057,382.4164,386.3124,603.7096
547,236.2199,512.9201,-63.2867,457.9744,526.7080,222.4320,236.2199,512.9201
548,271.2812,516.0480,-82.8616,469.5775,541.4609,245.8683,271.2812,516.0480
549,363.0315,857.0494,27.9466,746.6811,858.6253,361.4556,363.0315,857.0494
550,381.0210,856.5871,6.2966,743.4109,856.6705,380.9377,381.0210,856.5871
551,427.2027,743.9992,-32.8016,649.1735,747.3598,423.8420,427.2027,743.9992
552,382.9944,773.9931,-49.8293,675.8430,780.2434,376.7440,382.9944,773.9931
553,348.2848,838.5419,-7.5932,729.7783,838.6594,348.1672,348.2848,838.5419
554,333.5885,781.0015,-50.6093,684.3942,786.6547,327.9352,333.5885,781.0015
555,274.2275,736.8712,2.3937,645.0788,736.8835,274.2151,274.2275,736.8712
556,348.9745,683.5062,-8.5110,592.1613,683.7226,348.7581,348.9745,683.5062
557,331.8782,578.1992,-36.1946,506.4543,583.4076,326.6698,331.8782,578.1992
558,316.2073,662.6639,-28.6758,576.2276,665.0213,313.8499,316.2073,662.6639
559,357.4477,838.8420,24.2310,730.3040,840.0586,356.2312,357.4477,838.8420
560,376.5704,745.6800,-48.0649,651.1325,751.8362,370.4141,376.5704,745.6800
561,405.4338,661.9242,1.4846,578.0661,661.9328,405.4252,405.4338,661.9242
562,254.0431,715.7403,110.0227,656.7406,740.6183,229.1651,254.0431,715.7403
563,310.6269,747.9986,-16.2432,651.4860,748.6010,310.0245,310.6269,747.9986
564,336.4579,766.9598,-29.6640,667.8484,768.9942,334.4235,336.4579,766.9598
565,270.5446,744.4843,-9.4508,652.9189,744.6727,270.3562,270.5446,744.4843
566,358.8210,839.4122,-18.8562,730.2283,840.1509,358.0823,358.8210,839.4122
567,358.2815,647.9777,-19.0520,563.1796,649.2253,357.0340,358.2815,647.9777
568,321.1646,848.9767,-36.5662,745.1564,851.4979,318.6434,321.1646,848.9767
569,428.9324,826.6888,-33.1279,718.3983,829.4290,426.1922,428.9324,826.6888
570,347.9780,796.0793,-10.1823,691.4650,796.3106,347.7468,347.9780,796.0793
571,164.1750,653.3556,-8.0224,588.8594,653.4872,164.0435,164.1750,653.3556
572,214.4049,597.0383,170.8114,601.6194,662.1950,149.2481,214.4049,597.0383
573,298.5711,812.5746,-33.3430,714.2452,814.7285,296.4172,298.5711,812.5746
574,397.8145,836.4533,-16.9048,725.2686,837.1039,397.1640,397.8145,836.4533
575,301.7990,613.7271,-10.1334,531.8171,614.0559,301.4702,301.7990,613.7271
576,357.3098,853.5024,-46.9465,746.8492,857.9051,352.9071,357.3098,853.5024
577,348.3626,766.4526,19.1828,665.5123,767.3309,347.4843,348.3626,766.4526
578,311.6513,390.6803,14.1856,358.6159,393.1495,309.1822,311.6513,390.6803
579,190.1166,685.5987,7.6330,613.2055,685.7163,189.9990,190.1166,685.5987
580,337.3061,660.9913,64.4844,583.2694,673.3648,324.9325,337.3061,660.9913
581,385.8444,621.3483,-1.5523,543.3352,621.3585,385.8342,385.8444,621.3483
582,219.7065,551.9643,25.9868,483.4163,553.9845,217.6863,219.7065,551.9643
583,216.3504,591.0132,78.8456,535.6193,606.9296,200.4340,216.3504,591.0132
584,278.6710,645.8233,-17.0004,561.8186,646.6088,277.8855,278.6710,645.8233
585,263.6724,886.6650,-8.9005,788.7627,886.7922,263.5453,263.6724,886.6650
586,303.6661,807.6571,-36.1299,709.3526,810.2340,301.0892,303.6661,807.6571
587,364.7099,686.3872,33.7428,597.6824,689.8886,361.2085,364.7099,686.3872
588,359.6433,631.9553,11.0592,549.3626,632.4037,359.1949,359.6433,631.9553
589,283.9708,722.6702,-11.4822,630.9278,722.9705,283.6705,283.9708,722.6702
590,221.3267,649.7119,28.9752,574.3093,651.6629,219.3757,221.3267,649.7119
591,233.4584,476.5362,-32.0894,416.4461,480.7010,229.2936,233.4584,476.5362
592,417.7622,606.1034,21.6918,538.6011,608.5694,415.2962,417.7622,606.1034
593,324.5458,757.2456,36.2201,661.0036,760.2566,321.5348,324.5458,757.2456
594,326.0000,632.4792,-1.0603,547.8331,632.4829,325.9963,326.0000,632.4792
595,371.8219,802.1570,-21.9523,696.3430,803.2739,370.7049,371.8219,802.1570
596,350.5368,798.0379,9.6188,693.0198,798.2446,350.3301,350.5368,798.0379
597,422.1358,817.1585,-19.6556,708.6281,818.1341,421.1601,422.1358,817.1585
598,355.4105,817.9550,-35.5168,713.0509,820.6663,352.6993,355.4105,817.9550
599,343.5033,804.8407,-13.6333,699.8965,805.2432,343.1008,343.5033,804.8407
600,231.8624,533.8302,55.4493,473.4802,543.6902,222.0024,231.8624,533.8302
601,322.4680,574.9541,64.2502,511.4076,590.3634,307.0586,322.4680,574.9541
602,302.9373,526.7348,56.4952,468.2179,540.1877,289.4844,302.9373,526.7348
603,288.2657,681.9604,10.1827,593.2051,682.2235,288.0025,288.2657,681.9604
604,253.7831,446.9147,-157.9851,474.9706,535.5089,165.1888,253.7831,446.9147
605,319.1299,464.6660,-122.3270,462.9916,534.2323,249.5635,319.1299,464.6660
606,204.5522,477.6028,27.0685,417.6714,480.2603,201.8947,204.5522,477.6028
607,338.3662,1016.4105,-44.1231,899.7242,1019.2697,335.5070,338.3662,1016.4105
608,246.2036,559.0199,104.8199,518.1201,590.8954,214.3281,246.2036,559.0199
609,300.2358,613.3924,147.6904,589.6327,672.0563,241.5718,300.2358,613.3924
610,242.6928,796.1706,-77.4720,719.4222,806.8101,232.0533,242.6928,796.1706
611,309.2243,419.1641,-105.9223,418.7614,483.5308,244.8575,309.2243,419.1641
612,363.8429,656.7730,18.1653,570.7540,657.8951,362.7207,363.8429,656.7730
613,255.2819,1027.0810,10.1609,926.3794,1027.2147,255.1482,255.2819,1027.0810
614,175.3558,627.7958,-9.7496,561.3153,628.0058,175.1458,175.3558,627.7958
615,353.5542,842.1367,-12.3187,732.7408,842.4471,353.2438,353.5542,842.1367
616,300.4166,845.6796,1.2199,742.5445,845.6823,300.4139,300.4166,845.6796
617,265.2843,504.3657,-38.4713,442.0411,510.4037,259.2463,265.2843,504.3657
618,372.0453,607.7299,0.1215,530.7074,607.7299,372.0452,372.0453,607.7299
619,381.2320,819.7366,-68.5890,720.3537,830.2146,370.7540,381.2320,819.7366
620,105.2013,463.7608,20.2094,422.5854,464.8963,104.0658,105.2013,463.7608
621,348.4275,836.1098,-9.1050,727.6032,836.2798,348.2576,348.4275,836.1098
622,149.0111,519.6789,52.4502,472.3194,526.9578,141.7322,149.0111,519.6789
623,306.7032,439.3422,-0.1302,390.3087,439.3424,306.7031,306.7032,439.3422
624,366.2807,656.8512,18.1407,570.9732,657.9794,365.1525,366.2807,656.8512
625,361.1517,838.5853,6.5820,728.6489,838.6760,361.0610,361.1517,838.5853
626,314.0204,618.3284,23.2873,537.0270,620.1002,312.2487,314.0204,618.3284
627,314.3525,782.7201,29.7813,684.1630,784.6061,312.4664,314.3525,782.7201
628,322.5783,745.6396,31.5325,649.9930,747.9769,320.2410,322.5783,745.6396
629,418.0545,788.9252,-19.2159,684.4462,789.9182,417.0616,418.0545,788.9252
630,271.4285,847.0397,17.3360,749.7604,847.5614,270.9068,271.4285,847.0397
631,255.6887,546.0026,175.7098,562.5928,628.7590,172.9324,255.6887,546.0026
632,386.0460,576.3446,213.9177,629.2784,715.3195,247.0711,386.0460,576.3446
633,264.0906,520.8895,33.3511,454.8017,525.1502,259.8299,264.0906,520.8895
634,280.4231,708.9974,160.7295,678.2309,762.5777,226.8429,280.4231,708.9974
635,219.6333,1026.0867,-4.0027,935.8301,1026.1066,219.6134,219.6333,1026.0867
636,313.0447,769.5126,-13.2535,670.6577,769.8971,312.6602,313.0447,769.5126
637,377.1704,832.3299,-0.4573,721.8733,832.3304,377.1700,377.1704,832.3299
638,322.0090,736.2053,-26.1504,640.8392,737.8498,320.3645,322.0090,736.2053
639,86.1262,512.5962,12.4136,475.9064,512.9572,85.7651,86.1262,512.5962
640,168.5551,593.2798,-82.2332,548.3415,608.6455,153.1893,168.5551,593.2798
641,371.4168,577.1200,135.2179,558.1376,644.1576,304.3792,371.4168,577.1200
642,335.5690,800.4616,30.5970,698.2434,802.4667,333.5639,335.5690,800.4616
643,261.2812,662.6905,-10.6519,578.4621,662.9730,260.9988,261.2812,662.6905
644,221.7001,588.7708,-10.3428,515.3565,589.0620,221.4089,221.7001,588.7708
645,348.2853,777.9063,-58.8077,682.5559,785.8107,340.3810,348.2853,777.9063
646,247.1165,781.7416,-5.0089,692.1564,781.7885,247.0696,247.1165,781.7416
647,256.7261,440.5136,-98.3857,419.4144,483.2460,213.9937,256.7261,440.5136
648,381.8644,760.8704,-37.7334,662.1679,764.5906,378.1442,381.8644,760.8704
649,259.8140,437.6133,-32.7123,385.3841,443.4408,253.9864,259.8140,437.6133
650,235.3892,479.1677,39.2210,420.5160,485.3225,229.2344,235.3892,479.1677
651,305.6610,491.3174,-97.1920,461.5016,532.8892,264.0892,305.6610,491.3174
652,330.1947,748.9343,-3.1560,650.1284,748.9581,330.1709,330.1947,748.9343
653,380.0710,578.4699,3.3509,509.1713,578.5264,380.0144,380.0710,578.4699
654,415.6653,722.1431,-36.4992,630.9478,726.4300,411.3785,415.6653,722.1431
655,407.9623,826.3447,-10.1153,715.8689,826.5892,407.7179,407.9623,826.3447
656,330.0655,692.9251,-15.5632,600.9196,693.5914,329.3992,330.0655,692.9251
657,366.2247,819.9459,68.0046,721.1250,829.9193,356.2513,366.2247,819.9459
658,385.5937,805.9189,-28.2064,699.8695,807.8033,383.7093,385.5937,805.9189
659,407.6483,820.9567,-56.2827,717.6271,828.4840,400.1210,407.6483,820.9567
660,400.6187,817.1152,-56.1234,714.3322,824.5453,393.1886,400.6187,817.1152
661,428.2736,540.6881,113.9448,532.1181,611.5347,357.4270,428.2736,540.6881
662,341.7487,556.9061,145.9698,548.2118,630.6568,267.9980,341.7487,556.9061
663,341.3746,826.4300,-13.4344,719.6822,826.8018,341.0028,341.3746,826.4300
664,337.5706,825.8142,-63.3884,727.4660,833.9097,329.4752,337.5706,825.8142
665,247.4343,466.5580,55.9911,415.7676,480.0360,233.9563,247.4343,466.5580
666,329.8011,842.6357,-78.4804,747.9164,854.3769,318.0598,329.8011,842.6357
667,336.6836,774.1570,-42.1517,676.2835,778.1815,332.6592,336.6836,774.1570
668,308.8976,763.5624,56.5761,672.4472,770.4967,301.9633,308.8976,763.5624
669,385.3091,803.1074,32.9874,698.0433,805.6958,382.7206,385.3091,803.1074
670,96.0946,530.4569,-57.2234,499.4679,537.8691,88.6824,96.0946,530.4569
671,325.7555,805.1914,43.2179,705.5194,809.0561,321.8908,325.7555,805.1914
672,309.0495,679.0353,-142.3792,638.4047,727.4824,260.6025,309.0495,679.0353
673,173.9392,731.0935,55.3655,668.4181,736.5420,168.4907,173.9392,731.0935
674,353.5234,761.8667,-72.0918,672.0667,774.2205,341.1695,353.5234,761.8667
675,340.8443,574.5536,-78.7189,518.6939,598.5949,316.8030,340.8443,574.5536
676,283.8462,461.5298,-49.0139,412.0461,474.1534,271.2226,283.8462,461.5298
677,356.1553,658.0889,4.0412,570.6091,658.1430,356.1012,356.1553,658.0889
678,376.1490,809.1453,-10.6674,701.5599,809.4079,375.8863,376.1490,809.1453
679,269.5147,684.8811,171.0885,667.0297,746.2771,208.1187,269.5147,684.8811
680,234.6774,794.9224,127.6072,741.1313,822.6184,206.9814,234.6774,794.9224
681,378.9996,523.8510,-42.7725,474.3519,535.5381,367.3125,378.9996,523.8510
682,400.6253,681.4549,-63.2323,603.2149,695.0356,387.0445,400.6253,681.4549
683,391.1923,812.3458,12.2924,703.9936,812.7043,390.8339,391.1923,812.3458
684,444.5497,654.4075,6.5958,578.8674,654.6146,444.3426,444.5497,654.4075
685,371.3587,675.1632,-36.0249,588.9977,679.3766,367.1454,371.3587,675.1632
686,301.7774,701.3418,-22.2721,610.5645,702.5794,300.5398,301.7774,701.3418
687,304.5133,699.5568,73.2344,620.6235,712.6962,291.3740,304.5133,699.5568
688,373.9610,660.7994,98.6861,598.8375,691.4722,343.2883,373.9610,660.7994
689,208.4120,563.5656,9.8327,493.8400,563.8376,208.1400,208.4120,563.5656
690,236.8399,656.4186,4.5553,575.8252,656.4681,236.7905,236.8399,656.4186
691,422.5977,827.4768,-27.7610,718.2819,829.3714,420.7031,422.5977,827.4768
692,337.2741,964.0543,-16.8669,847.8546,964.5079,336.8206,337.2741,964.0543
693,298.8086,706.8597,-64.9620,624.8053,716.9521,288.7162,298.8086,706.8597
694,282.8056,524.8785,-123.4859,502.7765,576.7542,230.9300,282.8056,524.8785
695,324.5814,698.7087,20.8869,606.6860,699.8712,323.4190,324.5814,698.7087
696,371.9401,846.1543,-49.5005,739.5598,851.2662,366.8282,371.9401,846.1543
697,376.3273,834.6449,35.4359,726.5823,837.3685,373.6037,376.3273,834.6449
698,301.7976,703.2807,-32.6499,613.7061,705.9185,299.1597,301.7976,703.2807
699,429.3530,531.2142,11.5759,488.7291,532.5132,428.0540,429.3530,531.2142
700,382.4037,824.8370,-59.5543,722.3629,832.7132,374.5275,382.4037,824.8370
701,313.8342,837.8386,-44.1329,737.1337,841.5296,310.1432,313.8342,837.8386
702,205.3215,587.6511,32.4589,519.6096,590.3872,202.5854,205.3215,587.6511
703,346.8039,805.4828,79.0300,713.0696,818.7178,333.5690,346.8039,805.4828
704,358.0016,831.5385,28.5153,724.1330,833.2494,356.2906,358.0016,831.5385
705,186.5194,1191.0253,24.0039,1110.3648,1191.5986,185.9461,186.5194,1191.0253
706,389.3117,790.7165,0.0667,684.8073,790.7165,389.3117,389.3117,790.7165
707,355.0650,852.9434,-19.8662,742.9113,853.7348,354.2735,355.0650,852.9434
708,346.9831,957.3984,58.8449,845.6927,963.0194,341.3621,346.9831,957.3984
709,216.8923,411.2990,-20.9872,358.2219,413.5388,214.6524,216.8923,411.2990
710,381.2294,660.6946,12.0300,574.8140,661.2115,380.7125,381.2294,660.6946
711,340.5304,615.3261,23.3472,535.4299,617.2956,338.5609,340.5304,615.3261
712,340.9581,584.3561,-130.8862,556.6661,641.3799,283.9343,340.9581,584.3561
713,321.5143,524.3098,-86.4671,481.7975,556.1714,289.6526,321.5143,524.3098
714,72.7276,595.6053,55.4823,570.9228,601.4276,66.9052,72.7276,595.6053
715,278.7376,492.0078,145.1424,495.8066,565.4764,205.2689,278.7376,492.0078
716,278.8388,422.3438,28.2533,375.1723,427.7060,273.4766,278.8388,422.3438
717,395.7730,824.1084,-24.0161,715.0954,825.4508,394.4306,395.7730,824.1084
718,273.2346,628.0674,3.7540,545.4891,628.1071,273.1949,273.2346,628.0674
719,267.8163,493.5943,-90.9140,456.0311,525.6511,235.7596,267.8163,493.5943
720,406.7768,601.6427,151.2317,592.7226,684.1103,324.3092,406.7768,601.6427
721,343.4452,430.0769,128.5921,452.5712,522.4526,251.0695,343.4452,430.0769
722,152.7370,463.2344,10.0072,409.2213,463.5566,152.4148,152.7370,463.2344
723,178.0333,368.7434,97.2680,361.1123,409.6001,137.1766,178.0333,368.7434
724,367.0927,778.0400,-64.0476,683.2253,787.7907,357.3421,367.0927,778.0400
725,241.6670,503.5516,-48.8634,444.3402,512.3717,232.8469,241.6670,503.5516
726,263.6790,694.9278,-73.4344,620.7989,707.0895,251.5174,263.6790,694.9278
727,333.8975,753.1296,-45.7563,658.4106,758.0655,328.9616,333.8975,753.1296
728,242.6542,699.6104,124.6611,652.0686,731.4064,210.8581,242.6542,699.6104
729,367.9286,639.3843,32.3263,558.6331,643.1807,364.1321,367.9286,639.3843
730,209.1485,679.3341,45.1182,607.6703,683.6245,204.8582,209.1485,679.3341
731,356.3195,566.1720,83.7056,516.5231,595.4700,327.0215,356.3195,566.1720
732,234.5249,607.6403,-43.7029,536.1453,612.6909,229.4744,234.5249,607.6403
733,251.9920,1125.0665,83.5903,1032.8257,1132.9976,244.0609,251.9920,1125.0665
734,248.2284,547.8731,-99.7827,505.6227,578.0600,218.0415,248.2284,547.8731
735,181.1937,559.9951,-55.6702,504.2377,568.0072,173.1816,181.1937,559.9951
736,423.3901,566.6732,-48.3483,517.1717,581.4613,408.6021,423.3901,566.6732
737,441.6684,729.7720,-52.5936,643.1323,739.0727,432.3677,441.6684,729.7720
738,308.9430,753.6649,-11.3928,656.5108,753.9566,308.6514,308.9430,753.6649
739,316.3673,671.3124,-124.4724,620.3608,710.6114,277.0683,316.3673,671.3124
740,319.5785,669.4710,73.7270,593.8689,684.3717,304.6779,319.5785,669.4710
741,170.3419,474.0459,79.0087,437.8506,493.3704,151.0173,170.3419,474.0459
742,326.5138,754.7053,-15.4711,656.1156,755.2635,325.9556,326.5138,754.7053
743,133.5830,495.7493,9.4088,444.5826,495.9936,133.3387,133.5830,495.7493
744,263.3048,319.0363,70.5053,319.4100,366.9828,215.3583,263.3048,319.0363
745,320.3150,630.9163,45.7222,552.1201,637.5070,313.7243,320.3150,630.9163
746,288.6046,467.8555,66.0532,424.5530,489.5663,266.8938,288.6046,467.8555
747,238.8819,476.3894,47.3947,420.6535,485.4977,229.7736,238.8819,476.3894
748,303.3092,696.7535,45.0665,610.1009,701.8496,298.2131,303.3092,696.7535
749,357.6334,702.5690,16.9170,609.1808,703.3966,356.8057,357.6334,702.5690
750,385.9235,816.1910,-16.8406,707.7911,816.8491,385.2654,385.9235,816.1910
751,177.3857,1164.6871,23.6558,1087.6772,1165.2536,176.8193,177.3857,1164.6871
752,235.7322,1130.2785,11.3314,1032.9769,1130.4220,235.5887,235.7322,1130.2785
753,322.0321,761.6515,-26.6709,663.8340,763.2637,320.4199,322.0321,761.6515
754,307.2234,735.3359,-11.0627,639.9687,735.6216,306.9377,307.2234,735.3359
755,399.1506,807.2364,41.6512,702.8139,811.4441,394.9428,399.1506,807.2364
756,319.7674,804.5077,-9.1942,701.7707,804.6820,319.5930,319.7674,804.5077
757,316.5066,780.4851,-154.2945,730.5649,827.1099,269.8818,316.5066,780.4851
758,232.6165,823.6500,34.3278,737.8688,825.6371,230.6294,232.6165,823.6500
759,229.5931,638.8466,70.1465,573.5197,650.5359,217.9038,229.5931,638.8466
760,339.0945,545.5723,39.6489,482.0267,552.9241,331.7427,339.0945,545.5723
761,266.1794,814.7477,-18.5623,720.2984,815.3750,265.5520,266.1794,814.7477
762,238.5125,559.5724,-95.9876,513.9897,586.0812,212.0037,238.5125,559.5724
763,213.1704,473.2783,-57.5241,422.4596,485.4321,201.0166,213.1704,473.2783
764,363.1285,848.1150,-82.4408,750.7171,861.7457,349.4979,363.1285,848.1150
765,288.7189,730.0515,21.9953,637.9698,731.1450,287.6254,288.7189,730.0515
766,399.5843,464.9798,154.1386,511.2253,589.8506,274.7135,399.5843,464.9798
767,383.8472,569.6482,184.3679,595.9483,683.1987,270.2967,383.8472,569.6482
768,238.7546,564.0305,16.8404,491.2434,564.9001,237.8851,238.7546,564.0305
769,146.3161,638.4587,12.5395,579.7352,638.7780,145.9968,146.3161,638.4587
770,298.4364,593.4662,228.5958,648.7855,718.0113,173.8912,298.4364,593.4662
771,107.4474,358.1221,-24.8581,321.2022,360.5634,105.0061,107.4474,358.1221
772,258.9324,334.7641,-170.4227,423.7492,471.4378,122.2587,258.9324,334.7641
773,322.0708,742.0011,30.0459,646.5498,744.1400,319.9319,322.0708,742.0011
774,309.5252,736.7863,29.3135,642.7938,738.7881,307.5235,309.5252,736.7863
775,365.5198,826.2330,67.0023,726.4496,835.7794,355.9734,365.5198,826.2330
776,321.8391,676.9788,-10.8938,586.8207,677.3127,321.5053,321.8391,676.9788
777,389.7574,818.4877,-14.8639,709.5661,819.0024,389.2427,389.7574,818.4877
778,210.8130,639.1083,-19.7104,565.0971,640.0135,209.9079,210.8130,639.1083
779,388.7345,467.0309,-134.1613,491.6087,567.6391,288.1263,388.7345,467.0309
780,308.6850,779.4467,2.7826,679.8848,779.4631,308.6685,308.6850,779.4467
781,433.9077,775.0643,-46.5456,677.6383,781.3007,427.6713,433.9077,775.0643
782,308.0325,698.5364,-40.3563,610.3697,702.6634,303.9055,308.0325,698.5364
783,309.8224,558.5252,37.1418,488.9123,563.9535,304.3940,309.8224,558.5252
784,317.5831,753.8111,-8.2718,655.6659,753.9679,317.4263,317.5831,753.8111
785,255.7278,959.9534,17.0874,861.5663,960.3678,255.3134,255.7278,959.9534
786,229.5305,1160.5953,-74.8552,1072.4195,1166.5751,223.5507,229.5305,1160.5953
787,248.6029,764.1797,-51.2225,680.9317,769.2194,243.5632,248.6029,764.1797
788,241.7168,587.9993,38.6440,516.2567,592.2594,237.4567,241.7168,587.9993
789,147.2576,616.9516,31.4739,560.7451,619.0512,145.1579,147.2576,616.9516
790,160.7576,460.5852,140.5086,472.4058,516.1387,105.2040,160.7576,460.5852
791,351.8487,842.3652,-24.4958,734.0243,843.5854,350.6284,351.8487,842.3652
792,348.3823,784.6580,-68.6137,691.2459,795.1945,337.8458,348.3823,784.6580
793,327.6045,651.5107,86.3802,583.7274,673.1069,306.0083,327.6045,651.5107
794,358.1834,763.0324,38.5848,664.5860,766.6770,354.5389,358.1834,763.0324
795,365.2795,646.1070,30.9806,563.6959,649.4841,361.9024,365.2795,646.1070
796,355.6019,755.6301,-92.3438,674.0239,775.9181,335.3139,355.6019,755.6301
797,271.1433,451.4055,6.0497,393.7002,451.6083,270.9405,271.1433,451.4055
798,245.4918,536.9457,-8.9567,465.8346,537.2207,245.2168,245.4918,536.9457
799,278.3121,243.2489,11.9144,263.3522,281.9774,239.5836,278.3121,243.2489
800,310.4209,712.6903,-40.5002,622.8767,716.7273,306.3839,310.4209,712.6903
801,338.4840,806.7350,-14.6019,702.1150,807.1899,338.0291,338.4840,806.7350
802,270.9256,712.1706,127.0616,660.3608,746.1437,236.9525,270.9256,712.1706
803,236.3148,647.8655,120.6813,605.1166,680.6430,203.5373,236.3148,647.8655
804,401.3268,637.1403,-9.2041,558.1788,637.4990,400.9681,401.3268,637.1403
805,97.6281,455.9543,-8.2211,416.0702,456.1428,97.4396,97.6281,455.9543
806,292.5178,711.4391,39.1893,623.0658,715.0736,288.8832,292.5178,711.4391
807,324.8275,706.3965,2.8261,612.4344,706.4174,324.8066,324.8275,706.3965
808,393.5113,841.3292,-6.3689,729.2017,841.4198,393.4207,393.5113,841.3292
809,410.9109,844.7200,-12.0758,731.9374,845.0558,410.5750,410.9109,844.7200
810,373.4481,648.2664,9.1393,563.7992,648.5700,373.1445,373.4481,648.2664
811,339.4858,803.9997,-69.1569,709.2726,814.0771,329.4083,339.4858,803.9997
812,335.9182,818.5510,-102.5944,734.4913,839.4544,315.0148,335.9182,818.5510
813,370.9698,759.2663,43.1098,661.8266,763.9949,366.2412,370.9698,759.2663
814,315.5120,766.8824,-1.5005,667.6096,766.8874,315.5070,315.5120,766.8824
815,280.4317,559.8101,28.0797,487.2435,562.6044,277.6374,280.4317,559.8101
816,298.8220,719.6665,38.5678,629.7815,723.1718,295.3167,298.8220,719.6665
817,431.9898,822.3941,-38.3267,715.6034,826.1211,428.2628,431.9898,822.3941
818,441.3693,748.8338,-47.5424,657.1358,756.0173,434.1858,441.3693,748.8338
819,360.3410,796.3698,45.9499,695.2841,801.1595,355.5513,360.3410,796.3698
820,375.0871,844.9814,-36.8469,736.0811,847.8532,372.2153,375.0871,844.9814
821,311.5399,375.1076,-10.1029,348.1494,376.6746,309.9728,311.5399,375.1076
822,336.4849,574.4480,-94.3805,525.9681,607.3357,303.5971,336.4849,574.4480
823,401.8266,767.4042,-45.9809,669.5918,773.0988,396.1320,401.8266,767.4042
824,417.2356,608.0554,-21.8542,539.9513,610.5263,414.7647,417.2356,608.0554
825,282.5236,718.9865,26.1374,629.0311,720.5462,280.9639,282.5236,718.9865
826,206.5018,889.9740,29.2249,808.3797,891.2214,205.2544,206.5018,889.9740
827,245.2698,887.4566,2.8065,793.7845,887.4689,245.2575,245.2698,887.4566
828,353.2233,540.3533,97.7606,504.5339,582.1085,311.4681,353.2233,540.3533
829,410.5333,507.2598,148.2894,532.5151,614.8733,302.9199,410.5333,507.2598
830,169.2435,997.4606,-11.0622,924.7293,997.6083,169.0958,169.2435,997.4606
831,241.3950,474.6979,60.7258,424.3616,489.5576,226.5353,241.3950,474.6979
832,186.8986,484.7531,21.5094,425.0940,486.2983,185.3533,186.8986,484.7531
833,299.1906,683.0708,-1.9629,593.0801,683.0809,299.1806,299.1906,683.0708
834,389.6051,838.3140,12.0914,726.9041,838.6395,389.2795,389.6051,838.3140
835,348.3336,547.8258,-2.5856,480.2534,547.8593,348.3001,348.3336,547.8258
836,318.8461,588.2186,84.6214,530.6553,612.5957,294.4689,318.8461,588.2186
837,235.0736,609.4476,212.0670,646.7906,705.1234,139.3978,235.0736,609.4476
838,404.4986,835.3072,-0.4111,723.5172,835.3076,404.4982,404.4986,835.3072
839,271.4132,611.7259,-107.1036,562.3671,642.6277,240.5115,271.4132,611.7259
840,300.6160,802.7588,4.2336,702.5121,802.7944,300.5803,300.6160,802.7588
841,377.4214,715.0466,-85.2688,636.9278,735.3595,357.1085,377.4214,715.0466
842,408.6720,739.5298,-25.5652,643.1584,741.4935,406.7083,408.6720,739.5298
843,190.4997,652.2093,-37.9557,584.5882,655.3088,187.4003,190.4997,652.2093
844,341.7378,663.5535,-44.9816,579.9971,669.7225,335.5688,341.7378,663.5535
845,244.1291,1115.1426,20.5734,1015.9592,1115.6283,243.6434,244.1291,1115.1426
846,227.9795,396.2199,-13.4504,345.2211,397.2885,226.9110,227.9795,396.2199
847,233.0206,450.9342,19.5546,392.0593,452.6751,231.2798,233.0206,450.9342
848,225.7856,468.7115,-8.2187,406.2560,468.9892,225.5079,225.7856,468.7115
849,276.0275,642.2972,1.1302,558.0762,642.3007,276.0240,276.0275,642.2972
850,348.4238,576.9013,191.5443,602.7236,685.6866,239.6385,348.4238,576.9013
851,392.3337,617.6741,54.5301,549.5755,630.1762,379.8316,392.3337,617.6741
852,415.9370,590.1012,38.2935,529.3178,598.1490,407.8892,415.9370,590.1012
853,57.3713,565.4801,101.8596,567.2239,585.1391,37.7124,57.3713,565.4801
854,295.2352,764.6632,-26.4431,669.4892,766.1480,293.7504,295.2352,764.6632
855,176.6294,541.2231,-154.1156,547.5211,597.6390,120.2136,176.6294,541.2231
856,304.5365,655.5842,-16.8587,568.9784,656.3919,303.7287,304.5365,655.5842
857,378.7965,734.2160,-27.4596,637.7331,736.3250,376.6875,378.7965,734.2160
858,263.3288,782.7582,-131.5808,726.5468,814.1882,231.8988,263.3288,782.7582
859,294.6752,1000.1249,-30.6273,891.7316,1001.4521,293.3480,294.6752,1000.1249
860,310.3606,1183.6153,-32.1497,1064.4352,1184.7974,309.1785,310.3606,1183.6153
861,351.9552,624.1998,202.1884,645.3278,731.8180,244.3370,351.9552,624.1998
862,295.9626,693.6113,0.3714,602.8333,693.6117,295.9623,295.9626,693.6113
863,239.0274,599.6709,-8.9046,523.1055,599.8906,238.8077,239.0274,599.6709
864,348.8000,778.0598,33.8112,677.5550,780.7067,346.1532,348.8000,778.0598
865,294.4876,681.8837,36.3417,595.6880,685.2634,291.1078,294.4876,681.8837
866,344.6847,841.9601,39.3269,736.2971,845.0511,341.5938,344.6847,841.9601
867,245.5111,789.2770,8.2035,699.7567,789.4007,245.3873,245.5111,789.2770
868,198.2705,591.6247,-55.6094,530.3833,599.3352,190.5600,198.2705,591.6247
869,311.5856,1362.6406,11.3901,1236.8043,1362.7640,311.4621,311.5856,1362.6406
870,295.9986,681.6470,-11.2959,592.3462,681.9776,295.6680,295.9986,681.6470
871,332.6016,797.5697,-39.6850,697.2754,800.9325,329.2388,332.6016,797.5697
872,386.0525,841.7190,13.9683,730.1815,842.1468,385.6247,386.0525,841.7190
873,216.5799,768.5877,28.7057,688.2189,770.0764,215.0911,216.5799,768.5877
874,230.9012,734.4056,91.7179,669.5732,750.5924,214.7144,230.9012,734.4056
875,331.5887,589.6932,-94.7351,537.6595,620.7322,300.5497,331.5887,589.6932
876,357.4175,705.0258,-26.6359,612.3304,707.0550,355.3884,357.4175,705.0258
877,325.5468,789.3885,38.8726,690.4095,792.6237,322.3116,325.5468,789.3885
878,324.9762,679.5341,-45.0379,593.8257,685.1656,319.3447,324.9762,679.5341
879,307.8713,599.6846,105.4883,550.6033,633.8238,273.7320,307.8713,599.6846
880,390.7898,783.9038,-28.7617,680.7069,785.9970,388.6966,390.7898,783.9038
881,396.0343,815.1572,-17.7373,706.7093,815.9065,395.2850,396.0343,815.1572
882,327.4429,725.3925,-27.7701,631.0325,727.3210,325.5144,327.4429,725.3925
883,287.1921,740.8817,-36.2377,650.0378,743.7579,284.3159,287.1921,740.8817
884,236.3973,797.6631,-67.1217,719.0971,805.5785,228.4819,236.3973,797.6631
885,238.7445,830.9160,-61.5846,748.6132,837.2529,232.4077,238.7445,830.9160
886,329.1210,697.1376,-13.2200,604.4858,697.6118,328.6467,329.1210,697.1376
887,357.3923,689.8501,-10.5303,597.8360,690.1833,357.0591,357.3923,689.8501
888,343.6217,570.2467,69.1046,511.5020,589.6563,324.2121,343.6217,570.2467
889,197.8336,397.8857,101.1575,386.5676,440.1201,155.5992,197.8336,397.8857
890,269.4000,437.7949,130.5095,444.2938,508.9098,198.2851,269.4000,437.7949
891,342.5768,600.6703,38.1404,526.0723,606.1886,337.0585,342.5768,600.6703
892,251.2302,431.9641,-167.6311,474.8555,532.0345,151.1598,251.2302,431.9641
893,188.4568,690.8516,77.0476,632.7758,702.4021,176.9063,188.4568,690.8516
894,203.6969,732.5166,-141.6842,699.3460,768.0850,168.1284,203.6969,732.5166
895,241.1418,636.1113,0.8973,556.2341,636.1134,241.1398,241.1418,636.1113
896,269.0473,360.2948,102.3155,369.6861,426.6978,202.6444,269.0473,360.2948
897,257.7359,461.9902,100.4278,437.0910,503.0961,216.6300,257.7359,461.9902
898,207.0320,789.2904,65.3700,717.8112,796.5392,199.7831,207.0320,789.2904
899,342.7763,802.5958,7.8684,697.6607,802.7304,342.6417,342.7763,802.5958
900,329.2073,770.9306,10.9372,670.2793,771.2012,328.9366,329.2073,770.9306
901,347.5068,629.1746,23.2651,547.3601,631.0834,345.5981,347.5068,629.1746
902,272.4373,546.9415,75.9113,491.5765,566.5355,252.8434,272.4373,546.9415
903,302.0814,556.4840,2.4782,482.5376,556.5081,302.0572,302.0814,556.4840
904,235.2886,473.3110,-56.7433,421.5196,486.1462,222.4534,235.2886,473.3110
905,206.0662,672.3465,30.8586,599.0175,674.3798,204.0328,206.0662,672.3465
906,291.8681,471.4788,-125.3672,465.8545,535.8874,227.4595,291.8681,471.4788
907,285.7144,474.8667,-138.2630,478.3354,547.8056,212.7754,285.7144,474.8667
908,270.7023,578.5311,121.7284,543.8949,620.8498,228.3835,270.7023,578.5311
909,353.1881,717.3518,-9.7534,621.4988,717.6128,352.9271,353.1881,717.3518
910,259.9689,549.2180,-51.2992,484.0862,558.0466,251.1403,259.9689,549.2180
911,242.0633,823.7249,-28.0692,734.9065,825.0763,240.7119,242.0633,823.7249
912,398.0880,672.1710,108.0303,614.5863,709.6314,360.6276,398.0880,672.1710
913,361.0177,1064.1791,163.3000,979.0935,1100.2528,324.9441,361.0177,1064.1791
914,202.4952,585.2586,-1.1011,514.8044,585.2618,202.4921,202.4952,585.2586
915,351.6119,839.6698,23.6985,731.5212,840.8178,350.4639,351.6119,839.6698
916,324.4193,454.9782,-30.5354,409.2023,461.7669,317.6306,324.4193,454.9782
917,264.6141,549.8250,64.7459,489.2983,563.8348,250.6043,264.6141,549.8250
918,302.5722,1203.3938,-52.7628,1088.0922,1206.4736,299.4923,302.5722,1203.3938
919,310.8659,787.4347,-48.6881,692.1098,792.3580,305.9426,310.8659,787.4347
920,211.6602,567.4763,41.6465,501.9168,572.2858,206.8507,211.6602,567.4763
921,198.7630,817.0113,66.5489,746.9329,824.0936,191.6808,198.7630,817.0113
922,316.3906,610.7487,-90.0238,551.5385,636.0978,291.0415,316.3906,610.7487
923,235.4113,674.4978,-161.7930,655.8295,727.6746,182.2345,235.4113,674.4978
924,141.5130,767.1349,-75.3788,719.0329,776.0889,132.5590,141.5130,767.1349
925,388.7324,657.1282,-44.1454,577.3472,664.2028,381.6579,388.7324,657.1282
926,332.5664,787.6815,-4.0349,684.9343,787.7172,332.5306,332.5664,787.6815
927,337.8488,713.9615,172.4225,686.9209,781.0418,270.7685,337.8488,713.9615
928,355.4838,1103.9479,69.0727,983.3347,1110.2690,349.1628,355.4838,1103.9479
