factor,percent,delta_abs,crown_height,h_over_R,max_stress,mean_stress,stress_ratio,boundary_reaction_mean,L_pos,L_pos_max,L_pos_shape,L_target,L_target_max,H_apex,k_min,k_max,k_ratio,fit_rms_mm
baseline,0.0,0.0,0.38615626,0.67514207810556,1633.75851647,1012.95790696,1.6128592365432954,43.77567963,0.0,0.0,0.0,0.024591967188114103,0.0918125693388024,1.1812951177577657,0.1997658666207347,2.162824368894797,10.826796416632202,2.126268809224932
s_wale,0.25,0.002792718463969866,0.38530956,0.6736617374850766,1639.41026091,1013.29583025,1.6178989510945934,43.73890889,0.0005927494996902547,0.0009589906465132983,0.0010363424615126267,0.024555468764299124,0.09087355040515643,1.177571119097781,0.19215876224503958,2.162983475950522,11.256231309360226,2.1363618077092865
s_wale,-0.25,-0.002792718463969866,0.38700428,0.6766247265678046,1628.51502235,1012.67081042,1.6081386029825249,43.82422304,0.0005939881661704311,0.0009597017906100036,0.0010385081025966413,0.024642905875052253,0.0927524587666354,1.1849693240412669,0.20730873604606548,2.1626299120364685,10.43192850086123,2.1162703496201236
s_wale,0.5,0.005585436927939732,0.38446417,0.6721836872227045,1645.46481882,1013.68463222,1.6232512228348397,43.71376811,0.001184278414051414,0.0019173001577478732,0.0020705508943924087,0.024533382460633215,0.08993535230517809,1.1737963528828665,0.1844860361621694,2.1631066696035637,11.72504279783062,2.146554112834304
s_wale,-0.5,-0.005585436927939732,0.38785363,0.6781097003554598,1623.68499301,1012.43447681,1.6037432843317831,43.88469156,0.0011892277881418766,0.0019201381937766996,0.00207920420667785,0.024708286266078554,0.09369322721141644,1.1885932501062082,0.21478695618911292,2.1623995440233035,10.067648345085635,2.1063633219524354
s_wale,1.0,0.011170873855879464,0.38277724,0.6692343179030964,1658.75911258,1014.61499247,1.6348655646629882,43.69784416,0.00236372426273871,0.00383190213174866,0.00413265270078477,0.02453222308323863,0.08806139700323748,1.1660949691671865,0.16894323581238835,2.1632467025219846,12.804577183097596,2.167229085963669
s_wale,-1.0,-0.011170873855879464,0.3895564,0.6810867637761999,1615.28456511,1012.11375497,1.5959515985017698,44.04208591,0.002383517028260722,0.0038432774135235197,0.004167257678691865,0.024882266651466683,0.09557745216325553,1.1956931544419047,0.22955307507426603,2.1618332338095434,9.417574707331354,2.0868311802196557
s_wale,1.5,0.016756310783819197,0.38109537,0.6662937953102387,1673.59265693,1015.74907887,1.647643785010209,43.72690009,0.003538443822740131,0.005743978563443623,0.0061864912295984936,0.02458780054008627,0.08619056825988561,1.1581892696106353,0.15313419143256057,2.16324434778871,14.1264620758545,2.188307274867347
s_wale,-1.5,-0.016756310783819197,0.3912647,0.6840734956552267,1629.20912293,1011.99489751,1.6098985547641074,44.24944496,0.003582984274020895,0.005769588953513072,0.006264364194385993,0.025113465183911637,0.0974654217266493,1.2025967261384565,0.2440677306300727,2.1611257216468402,8.854614725460793,2.0676618110642497
s_wale,2.0,0.022341747711758928,0.37941845,0.6633619271239849,1689.91346763,1017.08673803,1.6615234516804351,43.80000725,0.004708541709052903,0.007653688853258898,0.00823224938603011,0.02469906201613172,0.08432271676088067,1.150076381693547,0.13705452062232526,2.163098242764769,15.782757350452654,2.209793407753554
s_wale,-2.0,-0.022341747711758928,0.39297862,0.6870700533453873,1652.01938626,1012.07680697,1.6323063377036453,44.5088682,0.00478774720306099,0.007699234341238142,0.008370729497221356,0.02540109075062477,0.0993572871696571,1.2093055260519654,0.25833453963790687,2.160276512466024,8.36232164500327,2.048843455058662
s_course,0.25,0.002792718463969866,0.38497566,0.673077958421442,1653.54299005,1018.36796555,1.6237185830535772,44.472343,0.0009075425967605666,0.001223721905254619,0.001586715685371116,0.02461507583397057,0.09073867540085265,1.18386067421291,0.2029441295876233,2.164777218838197,10.666862959953376,2.1139626109758813
s_course,-0.25,-0.002792718463969866,0.38733786,0.6772079461546486,1614.99143814,1007.61011367,1.6027939936586642,43.09075598,0.0009090128722034285,0.0012253778384644996,0.001589286263452329,0.024602187517402188,0.09288637772876063,1.1787051311920986,0.19654509587031832,2.160865166513879,10.994246164959675,2.1387062831144723
s_course,0.5,0.005585436927939732,0.38379606,0.6710155871022944,1674.31689734,1023.83874774,1.6353326156446526,45.18055273,0.0018136202415261094,0.002445803441018943,0.0031708700999907307,0.024671264094424508,0.08966469298056454,1.1864019510215371,0.20607999938816945,2.1667239026549048,10.513994124066807,2.1017860109210313
s_course,-0.5,-0.005585436927939732,0.38852046,0.6792755625687077,1600.308188,1002.32628323,1.5965940580177158,42.4177839,0.0018194936812072824,0.002452424671422112,0.0031811390161853663,0.024645850042104664,0.09396006724341197,1.1760910652149703,0.19328124266496038,2.1589008877649802,11.169738242563378,2.1512763384694082
s_course,1.0,0.011170873855879464,0.38143986,0.6668960895589106,1752.5343505,1034.95656458,1.6933409676097886,46.63086862,0.0036213741207434635,0.004885051601303745,0.006331483657616835,0.024881236691345905,0.0875165532201766,1.1914089160871804,0.21222432067109365,2.170593511503267,10.22782640858238,2.077819660390951
s_course,-1.0,-0.011170873855879464,0.39088869,0.6834160929426861,1598.53288324,991.95773658,1.6114929339140052,41.10858643,0.003644862753076364,0.004911526727057454,0.006372550359591552,0.02483328539924685,0.09610703226791369,1.1707927763700303,0.1866250412976731,2.1549605114423875,11.547006213411384,2.1768273563777285
s_course,1.5,0.016756310783819197,0.37908763,0.6627835330244592,1848.66148658,1046.30049686,1.7668552123676948,48.12528259,0.005423252902999222,0.007317783054136029,0.009481825401517267,0.025217409948367544,0.08536830101427577,1.1963136588474839,0.2182002327577024,2.1744270849372653,9.965283068015008,2.054347825213089
s_course,-1.5,-0.016756310783819197,0.39326096,0.6875636867111453,1599.63440728,981.86778466,1.6291749584532091,39.84999513,0.005476115282706764,0.007377355956940128,0.00957424813445278,0.025152518848042704,0.09825334297597206,1.1654026387841026,0.1797968993331267,2.1510083782350784,11.963545457197801,2.2029344559155106
s_course,2.0,0.022341747711758928,0.37673938,0.6586779349825905,1947.64742774,1057.86100641,1.8411184606847502,49.66267154,0.007219242021930517,0.009744057947492966,0.012621869864373445,0.02567363897819779,0.08322008956877902,1.201113537678106,0.22400922036504256,2.1782178549911695,9.72378659879077,2.0313610859881415
s_course,-2.0,-0.022341747711758928,0.39563728,0.6917183613577347,1600.83266258,972.07373461,1.6468222580072702,38.64417372,0.007313262425010136,0.009849974235910459,0.012786251843625815,0.025599838291525755,0.1004053117332993,1.1599239481053298,0.1727962313188609,2.1470516648917988,12.42533849554765,2.229612997398601
pressure,0.25,2.5,0.38630407,0.6754005039318429,1634.92072411,1015.04109401,1.6106941223937215,43.8343853,0.00011185842917860766,0.0001897356908965881,0.00019556935922589275,0.02460531647116113,0.09199470729986592,1.182513215869762,0.20284853683858683,2.162177894900937,10.659075626566892,2.1213815770442186
pressure,-0.25,-2.5,0.38600835,0.6748834774427803,1632.59578763,1010.87490665,1.6150324603865762,43.71693644,0.00011196610378266828,0.0001900554374386164,0.00019575761373184222,0.02457908519847204,0.09163015243463747,1.1800696758311051,0.19666758265257256,2.1634717690096377,11.00065267406864,2.131185354244311
pressure,0.5,5.0,0.38645179,0.6756587724052785,1636.0824127,1017.12446545,1.6085370751318604,43.89305372,0.00022361005383767673,0.0003791614401544809,0.0003909519851711424,0.024619129931170557,0.0921765493839995,1.1837238636415028,0.20591517969084783,2.161532547592158,10.497198656443832,2.11652697836683
pressure,-0.5,-5.0,0.38586034,0.6746247019435034,1631.43253539,1008.79209543,1.6172138370043414,43.65815551,0.00022403996185229796,0.0003804210101978859,0.0003917036212844301,0.024566671739605094,0.09144742995109265,1.1788370040195209,0.19355337090623892,2.1641206371328026,11.181002051269598,2.1361319858198478
pressure,1.0,10.0,0.38674696,0.6761748372936073,1638.40424131,1021.29175233,1.6042470112698988,44.01027973,0.00044679400166299795,0.0007570835034525976,0.0007811589815165865,0.024648143852492258,0.09253937737016446,1.18612374859858,0.21200240311377394,2.160245094083386,10.18971984446828,2.1069088146453363
pressure,-1.0,-10.0,0.38556405,0.6741066788864075,1629.10445194,1004.62704978,1.6216012223608276,43.54047943,0.00044851389912858245,0.0007621014000773942,0.0007841659899981932,0.024543258088775496,0.09108110941510209,1.1763490090302557,0.18727654473180344,2.165421473328708,11.562694497753485,2.1461220965100027
pressure,1.5,15.0,0.38704175,0.6766902378032476,1640.72401923,1025.45974938,1.5999887077206034,44.12735957,0.0006695544737365896,0.0011337959928047249,0.0011706255876918691,0.024678992924423285,0.09290106780662158,1.1884949528741866,0.21802775220126525,2.158962153547108,9.902235526210132,2.097407041292374
pressure,-1.5,-15.0,0.38526738,0.6735879914506229,1626.77424827,1000.46278931,1.6260217427896095,43.42264942,0.0006734249313884918,0.001145081358201206,0.0011773925602700868,0.024521742271415937,0.09071359562999363,1.1738301941731817,0.18093421887162386,2.1667261694747397,11.975214986901243,2.1562398986507967
pressure,2.0,20.0,0.38733617,0.6772049914178486,1643.04176312,1029.62843872,1.5957618314841566,44.24429519,0.0008918958373375246,0.0015092989104216895,0.0015593594392947416,0.024711661053144374,0.0932616352766908,1.190838494960452,0.2239927366257286,2.157684253295175,9.632831339975406,2.088022099631343
pressure,-2.0,-20.0,0.38497033,0.6730686396361496,1624.44190625,996.29933367,1.6304757529709009,43.30466352,0.0008987766880422152,0.0015293506971587306,0.0015713896776337476,0.02450213885454364,0.09034485949461932,1.1712809944920164,0.17452587826293176,2.168036110721101,12.422433465453466,2.1664896103032762
E1,0.25,12.5,0.38600872,0.6748841243378194,1636.68018827,1013.40730609,1.6150270265810058,43.82637627,0.0001116866287097162,0.0001895755271652844,0.00019526898930418034,0.024579116522731256,0.09163060356647504,1.180072548007691,0.1966751594310412,2.163469936584341,11.00021956429583,2.1311726963580835
E1,-0.25,-12.5,0.38630444,0.6754011508268821,1630.83632347,1012.50869457,1.6106887103449479,43.72494548,0.00011213867984308344,0.00019020579644168874,0.00019605933967061168,0.02460535021361729,0.09199515843206751,1.1825159538575623,0.20285595264314749,2.162175955071977,10.658676400172256,2.1213696657562844
E1,0.5,25.0,0.38586182,0.6746272895236597,1639.6013406,1013.85689288,1.6171920831375783,43.87703545,0.00022292374559894509,0.00037852059204220424,0.00038975206788761365,0.02456679305214208,0.09144924900181138,1.1788491480407237,0.19358440532009924,2.164113890761348,11.179174723206152,2.1360840017932716
E1,-0.5,-25.0,0.38645328,0.6756613774690844,1627.91360752,1012.05966796,1.60851544534066,43.67417378,0.00022473187077500683,0.00038106185862667944,0.0003929133306076334,0.024619270851200196,0.09217836843624647,1.1837362091569963,0.20594606234288104,2.1615263559711115,10.495594484211944,2.1164789163660824
E1,1.0,50.0,0.38556993,0.6741169592724338,1645.44209369,1014.75663318,1.621514006302758,43.97824158,0.0004440632175394917,0.0007545299152452409,0.0007763845742131799,0.024543703817910392,0.09108838320500648,1.1763985034773679,0.1874014268645081,2.1653955800902276,11.554851082621779,2.145924013214758
E1,-1.0,-50.0,0.38675291,0.6761852400651815,1622.06659973,1011.16216825,1.6041606882279635,43.57251762,0.0004512967754698604,0.0007647049795182705,0.0007890314735103837,0.02464874915721201,0.09254668751552916,1.1861718997602573,0.21212468208607027,2.1602191174344445,10.183723535566354,2.1067150198599705
E1,1.5,75.0,0.38528055,0.6736110174172838,1651.28078929,1015.65713514,1.6258250271262895,44.07929835,0.0006634423216499452,0.0011280681577369145,0.0011599393150894977,0.0245226556600075,0.09072991372539713,1.1739427696291354,0.1812169734937097,2.166668565764561,11.956212069945916,2.155789393230262
E1,-1.5,-75.0,0.3870552,0.6767137533121002,1616.21747885,1010.26540003,1.5997949437860646,43.47071087,0.0006797194592639201,0.001150969358149937,0.00118839769231303,0.02468044530110016,0.09291755568468693,1.188602642485066,0.2183014209989138,2.158903863971218,9.889554791225844,2.0969743023093894
E1,2.0,100.0,0.38499365,0.6731094115072606,1657.11744075,1016.5584059,1.6301251665740615,44.18020613,0.0008810835837974102,0.0014991653161009044,0.001540455673953541,0.024503607081787237,0.09037383575212465,1.1714822884635452,0.17503124474516163,2.1679333321819287,12.385979059557918,2.16568156023157
E1,-2.0,-100.0,0.38736018,0.6772469696607892,1610.36623041,1009.36935534,1.5954181904676092,43.36875329,0.0009100246664800008,0.001539894989796412,0.0015910552491227936,0.024714407754608432,0.09329101416642548,1.1910284206674695,0.22447696379055104,2.157579877544388,9.611587047112437,2.087262152391372
r,0.25,0.0062534999999999995,0.38609535,0.6750355851952098,1636.02379586,1013.61674597,1.6140457449668273,43.84316211,5.838394219390722e-05,9.186360160582088e-05,0.00010207643936884491,0.02459413468616728,0.09176303229427085,1.1817588813280406,0.20001188110370882,2.1635058815523722,10.81688682499099,2.1260716574410066
r,-0.25,-0.0062534999999999995,0.38621739,0.675248955656204,1631.49651485,1012.29894092,1.611674623868775,43.70815053,5.8571293414125e-05,9.21362268600622e-05,0.00010240399767944675,0.024589927528236463,0.09186228620532476,1.1808301316652565,0.19951811988394264,2.1621421434465704,10.836820959942202,2.126470015595292
r,0.5,0.012506999999999999,0.38603468,0.6749295118924523,1638.29232627,1014.27545152,1.6152341297572017,43.91059765,0.00011658155015092699,0.0001834434032610522,0.00020382709848511312,0.0245964293421432,0.0917136629527891,1.1822218389253423,0.20025618923381305,2.1641874886168715,10.807094137250518,2.125876037195747
r,-0.5,-0.012506999999999999,0.38627876,0.6753562528144408,1629.23781789,1011.63985434,1.6104919264503716,43.64057515,0.00011733081873958615,0.0001845747561287855,0.0002051370934389891,0.024588016489098755,0.09191217319169696,1.1803634548073405,0.19926781298615026,2.1614590966285308,10.84700566658379,2.1266751011099
r,1.0,0.025013999999999998,0.38591402,0.6747185541751174,1642.83903428,1015.59243714,1.6176164514442262,44.04532663,0.00023242201673329618,0.0003657432965892698,0.0004063585124187899,0.024601391735157088,0.09161543218179348,1.183144032916536,0.20073849844172864,2.165549567391343,10.787913550224994,2.125497317107046
r,-1.0,-0.025013999999999998,0.38640221,0.6755720884700434,1624.7304467,1010.32134606,1.6081323561419754,43.50528692,0.00023541905147838566,0.00037030765601051837,0.00041159842298233487,0.02458458774978134,0.09201247943506903,1.179427580441138,0.19876223641139923,2.160092924470877,10.867722981340902,2.127098370043146
r,1.5,0.037521,0.38579427,0.6745091874699054,1647.3984306,1016.9088144,1.6200060489907384,44.17986408,0.0003475283742762853,0.0005469240402468782,0.0006076064358235154,0.024606844726487106,0.09151788669822147,1.184061552038275,0.2012134428359973,2.1669096612405525,10.76920920739243,2.1251305332719372
r,-1.5,-0.037521,0.3865266,0.6757895675887181,1620.23662227,1009.00243605,1.6057806843488245,43.36981774,0.00035427269887685524,0.0005572050406268786,0.0006193979767045238,0.024581690438063113,0.09211349291877113,1.1784862902336506,0.1982480887867668,2.1587244916805344,10.88900531092853,2.1275326088401942
r,2.0,0.050027999999999996,0.38567542,0.6743013942931669,1651.97030844,1018.22453532,1.6224027718216703,44.31420759,0.00046190960170263193,0.0007269919791854515,0.0008075865671332785,0.024612778469041727,0.09142100706031903,1.1849743680065616,0.20168072571273865,2.168268010300385,10.750992702142145,2.1247796312682112
r,-2.0,-0.050027999999999996,0.38665196,0.6760087426214143,1615.75656721,1007.68317985,1.603437071809133,43.23417052,0.0004739007770262712,0.000745288352854136,0.0008285515180237005,0.024579336363309435,0.09221520886609756,1.1775404909463985,0.19772599597685048,2.1573549859159464,10.910831300951074,2.127985548195913
R,0.25,0.0014299073947647784,0.38642368,0.6739248149708142,1635.0425708,1015.77725962,1.6096467560335677,44.03181939,0.001069129736362351,0.0013884347410664131,0.0008242300114621805,0.02477520273595219,0.09228411419997809,1.1814301743131588,0.20990321938065515,2.1529571292456624,10.256903803563485,2.108750654638785
R,-0.25,-0.0014299073947647784,0.38588999,0.6763674584646163,1632.46896757,1010.1430615,1.616076999178596,43.52044136,0.0010689186950706444,0.001388380529033654,0.000829255661878804,0.024453999398772637,0.09134161073023676,1.1811067454052853,0.189453067445565,2.1727604233650055,11.468594584721087,2.1440019762537883
R,0.5,0.0028598147895295568,0.38669225,0.672715607288943,1636.32108913,1018.60109999,1.606439546497706,44.28886092,0.0021384724758220456,0.002776931076224337,0.0016434708336350405,0.025002739772266212,0.09275624938569801,1.1815125940299342,0.21986698018822137,2.143158207871647,9.747521915464318,2.0914424661923916
R,-0.5,-0.0028598147895295568,0.38562487,0.6776010191792862,1631.17396728,1007.33274115,1.6193000591024223,43.26610418,0.002137629284983875,0.002776698182878338,0.0016635734350711128,0.024362038016420985,0.0908712444279146,1.1808637062204685,0.1789614167046345,2.1827659957363026,12.196852460878938,2.1619502761873695
R,1.0,0.0057196295790591135,0.38723283,0.6703211046540883,1638.86214997,1024.26209702,1.600041781042298,44.80564239,0.004277805874252653,0.005554085137536152,0.0032671120264540997,0.025585873686520422,0.09370229099860579,1.181523836953508,0.23928498508181395,2.123762688825202,8.875453209481849,2.0574483865012505
R,-1.0,-0.0057196295790591135,0.38509809,0.6800929398194945,1628.56698929,1001.72581893,1.6257612198012072,42.76014025,0.004274435041682712,0.005553165083706724,0.0033475272606227867,0.02431785210769303,0.08993225537125153,1.1802091850839238,0.1574320514889842,2.2029863186788634,13.993251678061315,2.198510679564974
R,1.5,0.00857944436858867,0.38777798,0.6679580647512467,1641.38210647,1029.94068187,1.5936666405776336,45.32601997,0.006418017264026884,0.008331480881440055,0.004871192430616231,0.026330142411573297,0.09465070223729774,1.1813375355806806,0.25804044963830375,2.1046346215230574,8.156219788305018,2.024266526751641
R,-1.5,-0.00857944436858867,0.38457594,0.6826183792370105,1625.93706454,996.13733591,1.6322418665842493,42.25779121,0.006410436516289617,0.008329398431039244,0.0050521418529050795,0.02446019234004563,0.08899558976724467,1.1793223103326835,0.1351555256076029,2.223489095057764,16.4513369694793,2.2359745341409893
R,2.0,0.011439259158118227,0.38832769,0.6656260096077053,1643.88155914,1035.63661798,1.5873150201528954,45.84998761,0.00855912367425289,0.011109088985591969,0.006455972669826036,0.02722255681676862,0.0956015022481101,1.1809625121255904,0.276154204467179,2.085770819784002,7.552920745162497,1.9918734660934216
R,-2.0,-0.011439259158118227,0.38405843,0.6851778633534769,1623.28358752,990.56748329,1.6387410397609075,41.75906189,0.008545651513288748,0.011105390646208706,0.006777701757094106,0.02478563095972666,0.0880859073672316,1.1781948447642718,0.11211087507069273,2.244278814457851,20.01838637904393,2.274361850930161
