face,S11,S22,S12,von_mises,principal_1,principal_2,T_wale_Nm,T_course_Nm
0,1198.6245,2497.6591,42.0468,2164.8442,2499.0187,1197.2649,1198.6245,2497.6591
1,1330.7131,2682.0731,-121.6492,2332.3034,2692.9366,1319.8496,1330.7131,2682.0731
2,1504.4390,2547.3913,54.4641,2220.1449,2550.2278,1501.6026,1504.4390,2547.3913
3,1323.4763,2487.9866,-180.5091,2178.6753,2515.3253,1296.1376,1323.4763,2487.9866
4,1011.0221,2336.0334,52.1993,2031.1599,2338.0866,1008.9689,1011.0221,2336.0334
5,971.9393,2328.5839,94.8323,2032.4139,2335.1808,965.3423,971.9393,2328.5839
6,1027.3260,2382.5501,41.3862,2071.0931,2383.8128,1026.0634,1027.3260,2382.5501
7,985.3891,2160.9770,89.8912,1880.3328,2167.8108,978.5554,985.3891,2160.9770
8,1049.9699,1943.2608,66.1611,1688.6284,1948.1344,1045.0963,1049.9699,1943.2608
9,994.9154,1857.3385,12.3196,1610.0073,1857.5145,994.7394,994.9154,1857.3385
10,1029.8165,2047.7914,76.9296,1778.4479,2053.5722,1024.0356,1029.8165,2047.7914
11,1151.8221,2382.1358,62.2083,2066.1747,2385.2732,1148.6847,1151.8221,2382.1358
12,988.4544,1964.9216,128.8756,1716.2606,1981.6444,971.7316,988.4544,1964.9216
13,1051.3822,2098.8530,-23.4189,1818.1136,2099.3763,1050.8589,1051.3822,2098.8530
14,944.2317,2255.4185,-4.9392,1961.8669,2255.4371,944.2131,944.2317,2255.4185
15,984.2336,2269.2980,-123.4224,1982.5764,2281.0446,972.4871,984.2336,2269.2980
16,1143.0557,2355.9124,-76.1912,2044.8412,2360.6799,1138.2881,1143.0557,2355.9124
17,558.0061,2281.3617,156.8913,2077.6941,2295.5283,543.8395,558.0061,2281.3617
18,971.4615,2025.1596,-132.9577,1769.3721,2041.6775,954.9436,971.4615,2025.1596
19,1078.8009,2121.8550,-80.3162,1842.9251,2128.0032,1072.6527,1078.8009,2121.8550
20,1109.3557,2272.5683,-68.9849,1971.9094,2276.6452,1105.2788,1109.3557,2272.5683
21,957.6571,2366.0631,36.3913,2062.3912,2367.0027,956.7174,957.6571,2366.0631
22,1023.9191,2145.1017,-83.0412,1863.9068,2151.2188,1017.8020,1023.9191,2145.1017
23,940.6342,2310.5403,-22.9717,2012.8584,2310.9253,940.2491,940.6342,2310.5403
24,1196.6351,2403.8956,-26.2931,2082.3395,2404.4680,1196.0627,1196.6351,2403.8956
25,1065.4149,2314.8520,-103.5629,2014.8316,2323.3779,1056.8890,1065.4149,2314.8520
26,1058.3568,2389.9146,-80.3793,2078.8966,2394.7492,1053.5223,1058.3568,2389.9146
27,1074.7028,2426.0586,-48.1030,2107.2248,2427.7687,1072.9927,1074.7028,2426.0586
28,985.9827,2090.2030,-137.3153,1826.6836,2107.0226,969.1631,985.9827,2090.2030
29,1071.3207,2429.8787,-55.4333,2111.4160,2432.1368,1069.0626,1071.3207,2429.8787
30,974.7727,1909.0076,29.7425,1654.1757,1909.9536,973.8268,974.7727,1909.0076
31,987.5055,1939.3743,121.2928,1692.7294,1954.5870,972.2927,987.5055,1939.3743
32,1154.7359,2278.5119,78.2632,1977.9604,2283.9362,1149.3116,1154.7359,2278.5119
33,943.7419,1853.9857,-10.1768,1605.7828,1854.0995,943.6282,943.7419,1853.9857
34,1134.6310,2122.0372,61.5293,1842.2968,2125.8565,1130.8116,1134.6310,2122.0372
35,965.5423,1739.2623,-44.0151,1511.2200,1741.7582,963.0464,965.5423,1739.2623
36,1187.1829,2480.8379,21.5932,2149.4535,2481.1982,1186.8226,1187.1829,2480.8379
37,971.6156,2074.9957,131.8087,1812.6408,2090.5230,956.0884,971.6156,2074.9957
38,1050.1801,2255.6205,104.5876,1963.3416,2264.6275,1041.1730,1050.1801,2255.6205
39,1045.4280,2410.9606,67.0845,2097.2997,2414.2483,1042.1402,1045.4280,2410.9606
40,937.7992,2293.6491,19.1840,1997.6023,2293.9204,937.5279,937.7992,2293.6491
41,1019.0317,1939.4452,-23.9365,1680.8438,1940.0672,1018.4096,1019.0317,1939.4452
42,1737.1962,2710.9057,-55.2310,2380.4699,2714.0286,1734.0734,1737.1962,2710.9057
43,1195.9818,2540.9968,75.6903,2205.7285,2545.2429,1191.7357,1195.9818,2540.9968
44,1225.4181,2445.4414,-4.1620,2117.8283,2445.4556,1225.4039,1225.4181,2445.4414
45,976.4733,1871.5722,-106.5939,1631.8177,1884.0910,963.9545,976.4733,1871.5722
46,1239.4666,2440.1718,-11.7167,2113.4370,2440.2861,1239.3522,1239.4666,2440.1718
47,1225.2990,2636.1236,-129.9294,2295.8900,2647.9896,1213.4329,1225.2990,2636.1236
48,1578.3659,3096.8118,294.7903,2730.2535,3152.0339,1523.1438,1578.3659,3096.8118
49,1284.5002,2615.2561,-25.1091,2265.4138,2615.7297,1284.0266,1284.5002,2615.2561
50,1279.0153,2593.3887,0.4841,2246.0102,2593.3889,1279.0152,1279.0153,2593.3887
51,982.9641,2227.1824,128.9726,1946.0784,2240.4107,969.7358,982.9641,2227.1824
52,1190.9321,1981.0172,-151.2882,1747.0420,2008.9956,1162.9537,1190.9321,1981.0172
53,1147.5699,2370.6370,-73.0959,2057.2783,2374.9901,1143.2168,1147.5699,2370.6370
54,1096.3541,2444.9112,-28.9098,2121.6979,2445.5307,1095.7346,1096.3541,2444.9112
55,1005.6931,2064.4971,-71.1214,1792.3423,2069.2530,1000.9371,1005.6931,2064.4971
56,1047.7329,2288.2985,82.9842,1989.2682,2293.8249,1042.2065,1047.7329,2288.2985
57,1052.4247,2358.5333,90.8450,2052.5245,2364.8217,1046.1364,1052.4247,2358.5333
58,1097.0063,2329.9558,-60.3194,2021.6469,2332.8998,1094.0623,1097.0063,2329.9558
59,1122.5048,2234.4348,82.4536,1940.3474,2240.5158,1116.4238,1122.5048,2234.4348
60,1031.0528,2452.5041,65.9066,2135.9344,2455.5533,1028.0036,1031.0528,2452.5041
61,1008.5804,1343.4121,194.1182,1257.0191,1432.3357,919.6567,1008.5804,1343.4121
62,1175.3715,2534.1680,-43.0401,2197.8339,2535.5299,1174.0095,1175.3715,2534.1680
63,1133.8019,2268.3426,-37.5948,1965.5213,2269.5870,1132.5575,1133.8019,2268.3426
64,999.8442,1894.7100,23.6032,1642.2153,1895.3322,999.2220,999.8442,1894.7100
65,1010.1521,2052.4505,78.9051,1782.7931,2058.3900,1004.2126,1010.1521,2052.4505
66,1272.6132,2265.2902,37.3932,1967.8518,2266.6968,1271.2067,1272.6132,2265.2902
67,1169.5796,2514.1861,-7.9043,2179.1500,2514.2326,1169.5331,1169.5796,2514.1861
68,1219.5586,2557.5836,0.4104,2215.7243,2557.5837,1219.5585,1219.5586,2557.5836
69,1152.4105,2458.0872,-35.4544,2131.0299,2459.0493,1151.4485,1152.4105,2458.0872
70,1044.7168,1987.3923,-82.1348,1727.7551,1994.4952,1037.6139,1044.7168,1987.3923
71,1296.7842,2548.0908,0.3809,2206.8286,2548.0909,1296.7841,1296.7842,2548.0908
72,1052.4162,2068.1266,-89.3447,1797.8168,2075.9258,1044.6170,1052.4162,2068.1266
73,1292.6765,2628.7073,-29.8306,2277.2167,2629.3730,1292.0108,1292.6765,2628.7073
74,1259.5529,2509.2303,-10.4523,2173.1382,2509.3177,1259.4655,1259.5529,2509.2303
75,1107.4721,2393.0259,-54.4745,2076.4779,2395.3301,1105.1680,1107.4721,2393.0259
76,1088.3685,2218.2174,68.3466,1924.7884,2222.3368,1084.2491,1088.3685,2218.2174
77,1252.5433,2639.5019,25.3457,2287.2848,2639.9649,1252.0803,1252.5433,2639.5019
78,1224.9568,2458.9085,46.0787,2130.9771,2460.6268,1223.2385,1224.9568,2458.9085
79,1297.7030,2562.5003,34.7303,2220.0664,2563.4532,1296.7501,1297.7030,2562.5003
80,785.0116,2188.4589,30.0722,1921.0265,2189.1030,784.3675,785.0116,2188.4589
81,1050.1713,1781.0651,-252.7427,1611.2932,1859.9495,971.2869,1050.1713,1781.0651
82,985.6962,2121.2262,137.5976,1853.9450,2137.6617,969.2607,985.6962,2121.2262
83,1133.0568,1897.2205,-99.5769,1662.3332,1909.9831,1120.2942,1133.0568,1897.2205
84,1152.9185,2308.1456,-42.7778,2000.2858,2309.7275,1151.3366,1152.9185,2308.1456
85,1032.0666,2311.0140,-75.3056,2009.4376,2315.4328,1027.6478,1032.0666,2311.0140
86,937.5066,2295.6901,-9.2714,1999.2861,2295.7534,937.4434,937.5066,2295.6901
87,969.1475,2354.1138,80.6736,2054.0545,2358.7971,964.4642,969.1475,2354.1138
88,1100.5020,2274.7340,-56.0124,1972.7093,2277.3998,1097.8362,1100.5020,2274.7340
89,1326.1741,2759.3999,-56.0035,2392.2771,2761.5849,1323.9891,1326.1741,2759.3999
90,1259.2492,2565.3123,16.1493,2221.9250,2565.5120,1259.0495,1259.2492,2565.3123
91,1111.8725,2471.6099,50.1557,2145.8209,2473.4574,1110.0250,1111.8725,2471.6099
92,1262.9203,2618.4755,19.5398,2268.3918,2618.7571,1262.6387,1262.9203,2618.4755
93,1260.0750,2333.0538,54.2580,2024.8304,2335.7906,1257.3383,1260.0750,2333.0538
94,1395.0230,2633.7042,-145.0097,2295.9731,2650.4537,1378.2735,1395.0230,2633.7042
95,1248.1660,2494.7410,-30.6174,2161.1600,2495.4925,1247.4145,1248.1660,2494.7410
96,1224.7483,2537.1030,12.7835,2197.7438,2537.2275,1224.6238,1224.7483,2537.1030
97,1324.5552,3127.1984,99.0921,2724.1746,3132.6292,1319.1245,1324.5552,3127.1984
98,1035.5639,2316.6677,182.9503,2034.8702,2342.2821,1009.9495,1035.5639,2316.6677
99,1007.1430,2406.8158,-29.6029,2094.2113,2407.4417,1006.5172,1007.1430,2406.8158
100,1011.7547,2022.5429,73.7560,1756.2260,2027.8964,1006.4012,1011.7547,2022.5429
101,950.7145,1838.6712,19.1912,1592.9919,1839.0857,950.3000,950.7145,1838.6712
102,1036.6616,1914.0668,47.0220,1661.5392,1916.5796,1034.1488,1036.6616,1914.0668
103,953.1714,1726.9129,36.9329,1499.6040,1728.6718,951.4125,953.1714,1726.9129
104,1049.9172,2430.5029,59.0804,2113.8389,2433.0265,1047.3935,1049.9172,2430.5029
105,1071.1872,2288.4140,93.5371,1989.7759,2295.5598,1064.0413,1071.1872,2288.4140
106,1101.5660,2310.8151,-71.7688,2005.8043,2315.0597,1097.3214,1101.5660,2310.8151
107,999.8533,2363.1967,-43.8503,2056.0456,2364.6056,998.4443,999.8533,2363.1967
108,1026.9050,2340.5029,73.7995,2036.0139,2344.6360,1022.7719,1026.9050,2340.5029
109,1134.8934,2432.7149,-69.3315,2111.7844,2436.4082,1131.2001,1134.8934,2432.7149
110,1111.0807,2149.8948,-23.4459,1862.6568,2150.4237,1110.5518,1111.0807,2149.8948
111,971.6300,2164.6361,132.0762,1891.7773,2179.0832,957.1830,971.6300,2164.6361
112,966.1431,2376.5084,59.7244,2072.6501,2379.0330,963.6185,966.1431,2376.5084
113,1210.4183,2530.1620,0.4236,2191.8664,2530.1621,1210.4182,1210.4183,2530.1620
114,1278.7158,2551.6489,28.7133,2210.3542,2552.2962,1278.0685,1278.7158,2551.6489
115,966.2180,2355.0997,70.5107,2054.1293,2358.6702,962.6475,966.2180,2355.0997
116,1075.8374,2028.6040,-62.9999,1761.2834,2032.7517,1071.6897,1075.8374,2028.6040
117,956.6572,1825.9758,9.0725,1582.0223,1826.0704,956.5625,956.6572,1825.9758
118,1036.1079,1877.2789,-3.5599,1628.7020,1877.2940,1036.0928,1036.1079,1877.2789
119,1166.5505,2461.5339,32.3306,2133.4529,2462.3405,1165.7438,1166.5505,2461.5339
120,1277.3741,2555.7309,11.2834,2213.4142,2555.8305,1277.2745,1277.3741,2555.7309
121,1231.9604,2419.1679,-158.4024,2113.0676,2439.9392,1211.1891,1231.9604,2419.1679
122,1252.4656,2400.8483,55.7594,2082.0879,2403.5494,1249.7646,1252.4656,2400.8483
123,1238.6433,2503.1050,-18.7904,2168.0353,2503.3842,1238.3641,1238.6433,2503.1050
124,1172.0336,2358.7024,-56.1527,2045.0234,2361.3536,1169.3824,1172.0336,2358.7024
125,1175.6298,2376.0862,-46.8153,2059.3854,2377.9091,1173.8069,1175.6298,2376.0862
126,1083.1409,2236.6953,-54.2230,1939.6299,2239.2385,1080.5977,1083.1409,2236.6953
127,1157.0911,2444.3114,24.8354,2118.2723,2444.7904,1156.6121,1157.0911,2444.3114
128,977.0122,2189.4593,128.7713,1912.8258,2202.9849,963.4866,977.0122,2189.4593
129,1272.0439,2595.7338,-15.5834,2248.2818,2595.9172,1271.8605,1272.0439,2595.7338
130,1302.5829,2572.3879,-65.9159,2230.7371,2575.8004,1299.1703,1302.5829,2572.3879
131,1204.3451,2381.6979,-19.2714,2062.9251,2382.0133,1204.0298,1204.3451,2381.6979
132,733.3746,2247.0833,-259.4146,2034.9830,2290.3067,690.1512,733.3746,2247.0833
133,975.7360,2284.6313,24.5044,1986.0024,2285.0899,975.2774,975.7360,2284.6313
134,1071.7849,2101.9167,97.0888,1828.1829,2110.9874,1062.7143,1071.7849,2101.9167
135,996.3611,2276.5698,85.8763,1982.2573,2282.3047,990.6262,996.3611,2276.5698
136,1031.1092,2251.8579,96.9118,1959.6720,2259.5036,1023.4635,1031.1092,2251.8579
137,982.8863,1821.9366,89.3853,1587.0511,1831.3533,973.4696,982.8863,1821.9366
138,1135.1780,2218.7261,237.7437,1965.2714,2268.5948,1085.3092,1135.1780,2218.7261
139,1058.8970,2056.3411,37.6955,1782.3049,2057.7636,1057.4744,1058.8970,2056.3411
140,1090.0408,2492.6364,10.4887,2164.4121,2492.7148,1089.9624,1090.0408,2492.6364
141,1318.1680,2757.4212,-81.1102,2392.8917,2761.9778,1313.6114,1318.1680,2757.4212
142,1157.5074,2236.2279,233.5265,1978.8108,2284.6126,1109.1227,1157.5074,2236.2279
143,1465.4289,2673.9024,113.0557,2327.4808,2684.3880,1454.9432,1465.4289,2673.9024
144,1155.8385,2516.0184,28.4974,2181.8883,2516.6152,1155.2417,1155.8385,2516.0184
145,1279.2667,2554.1952,18.1428,2212.2222,2554.4533,1279.0086,1279.2667,2554.1952
146,1340.5597,3142.9450,67.7959,2734.1702,3145.4915,1338.0132,1340.5597,3142.9450
147,1245.4086,2576.3502,-23.9735,2231.9808,2576.7819,1244.9770,1245.4086,2576.3502
148,1229.6553,2441.9333,-34.9721,2115.6614,2442.9413,1228.6472,1229.6553,2441.9333
149,1130.9440,2402.0995,-80.4444,2086.1185,2407.1702,1125.8734,1130.9440,2402.0995
150,1007.0142,2303.3465,-41.8562,2001.3085,2304.6965,1005.6641,1007.0142,2303.3465
151,1034.9868,2152.2277,12.9321,1864.4721,2152.3773,1034.8371,1034.9868,2152.2277
152,1159.4041,2179.6646,101.6694,1897.1171,2189.6973,1149.3713,1159.4041,2179.6646
153,1257.6981,2554.1562,26.7068,2212.5327,2554.7061,1257.1482,1257.6981,2554.1562
154,931.6393,1701.4609,-20.6540,1476.1615,1702.0146,931.0856,931.6393,1701.4609
155,1022.2198,2114.5068,8.3472,1831.6088,2114.5706,1022.1561,1022.2198,2114.5068
156,1066.2458,2366.7462,-89.5395,2058.8556,2372.8820,1060.1100,1066.2458,2366.7462
157,1082.3527,2244.0368,71.2365,1947.7097,2248.3888,1078.0006,1082.3527,2244.0368
158,979.8131,2107.2122,-133.5338,1840.9771,2122.8126,964.2127,979.8131,2107.2122
159,1179.0274,2429.5569,-38.6668,2105.4271,2430.7513,1177.8329,1179.0274,2429.5569
160,971.3703,1802.7622,-85.5999,1569.8230,1811.4841,962.6484,971.3703,1802.7622
161,1056.4064,1898.1514,-45.7426,1649.2517,1900.6299,1053.9279,1056.4064,1898.1514
162,1110.6734,2354.7429,68.6193,2043.8163,2358.5163,1106.9000,1110.6734,2354.7429
163,1167.3415,2450.9638,-47.2533,2124.9698,2452.7010,1165.6043,1167.3415,2450.9638
164,938.1636,2289.4822,33.3725,1994.3199,2290.3058,937.3400,938.1636,2289.4822
165,1029.8640,2412.8190,25.5338,2097.4736,2413.2902,1029.3928,1029.8640,2412.8190
166,945.5165,1711.4397,21.4415,1485.3323,1712.0395,944.9168,945.5165,1711.4397
167,1103.7280,2061.2602,74.5678,1791.2620,2067.0324,1097.9559,1103.7280,2061.2602
168,975.9553,2365.1966,86.9246,2064.2154,2370.6143,970.5376,975.9553,2365.1966
169,1090.5823,2086.6942,75.4333,1812.4628,2092.3742,1084.9023,1090.5823,2086.6942
170,961.9465,1750.6314,52.7341,1521.3087,1754.1417,958.4361,961.9465,1750.6314
171,972.5634,2279.0289,114.4408,1990.6386,2288.9776,962.6146,972.5634,2279.0289
172,1314.2110,2611.8996,141.1388,2275.1579,2627.0727,1299.0379,1314.2110,2611.8996
173,1350.5102,2590.5095,27.6266,2244.6375,2591.1247,1349.8950,1350.5102,2590.5095
174,1333.8978,2589.8904,6.5330,2243.2776,2589.9244,1333.8638,1333.8978,2589.8904
175,1121.0845,1373.0850,-291.1557,1362.7779,1564.3350,929.8345,1121.0845,1373.0850
176,1273.0622,2526.1664,11.4136,2187.8363,2526.2703,1272.9582,1273.0622,2526.1664
177,1285.9862,2555.1862,35.7243,2213.7370,2556.1910,1284.9815,1285.9862,2555.1862
178,1459.3045,3026.8218,-257.3014,2659.4693,3067.9762,1418.1500,1459.3045,3026.8218
179,1260.3174,2547.2222,-8.5332,2206.0487,2547.2788,1260.2609,1260.3174,2547.2222
180,1053.4076,2401.4687,58.7160,2087.4235,2404.0213,1050.8550,1053.4076,2401.4687
181,1356.9469,2671.2643,-115.0212,2322.0430,2681.2543,1346.9568,1356.9469,2671.2643
182,1116.5181,1821.6021,246.2844,1647.1075,1899.1087,1039.0114,1116.5181,1821.6021
183,1130.9393,2477.8123,36.9811,2149.5174,2478.8269,1129.9247,1130.9393,2477.8123
184,1131.2450,2424.7325,44.4096,2102.8536,2426.2555,1129.7220,1131.2450,2424.7325
185,973.5922,2171.7356,-127.5166,1897.0276,2185.1566,960.1711,973.5922,2171.7356
186,1123.6613,2235.0768,-83.5968,1941.0510,2241.3295,1117.4086,1123.6613,2235.0768
187,1199.8466,2444.6004,-67.1863,2120.4007,2448.2163,1196.2307,1199.8466,2444.6004
188,1037.0238,2348.8656,45.7535,2040.3525,2350.4594,1035.4300,1037.0238,2348.8656
189,1398.7775,2676.8700,-216.5062,2349.1468,2712.5497,1363.0979,1398.7775,2676.8700
190,1102.0405,2411.9536,-92.2576,2097.4931,2418.4194,1095.5747,1102.0405,2411.9536
191,966.4587,2305.8336,-93.7838,2012.1640,2312.3685,959.9238,966.4587,2305.8336
192,1047.4696,2020.7009,-58.0062,1753.2530,2024.1460,1044.0245,1047.4696,2020.7009
193,956.2527,1668.2837,27.7704,1450.7248,1669.3652,955.1713,956.2527,1668.2837
194,979.1773,2223.8754,-127.1198,1943.0183,2236.7254,966.3274,979.1773,2223.8754
195,1167.0861,2463.4478,-73.6256,2138.1935,2467.6159,1162.9181,1167.0861,2463.4478
196,1141.4148,2468.6608,-28.2206,2140.4993,2469.2606,1140.8151,1141.4148,2468.6608
197,979.4412,1899.4418,16.9548,1645.4954,1899.7542,979.1289,979.4412,1899.4418
198,1149.2790,2287.6233,-128.2554,1993.5630,2301.8947,1135.0076,1149.2790,2287.6233
199,1124.0603,2281.7584,78.6074,1980.8171,2287.0715,1118.7472,1124.0603,2281.7584
200,1170.3065,2469.5295,44.3184,2141.0230,2471.0396,1168.7965,1170.3065,2469.5295
201,1083.8022,2253.9262,86.0097,1958.1096,2260.2145,1077.5139,1083.8022,2253.9262
202,1000.9721,1897.8973,-10.1230,1644.5439,1898.0116,1000.8579,1000.9721,1897.8973
203,1077.9166,2121.6262,-68.5813,1841.2973,2126.1133,1073.4295,1077.9166,2121.6262
204,724.6419,2443.7642,-225.3479,2208.7508,2472.8126,695.5934,724.6419,2443.7642
205,957.1012,2245.0720,10.5062,1951.3998,2245.1577,957.0155,957.1012,2245.0720
206,983.1878,2123.0809,137.7864,1855.7206,2139.4996,966.7691,983.1878,2123.0809
207,1032.5202,2356.3182,56.8817,2048.1929,2358.7579,1030.0805,1032.5202,2356.3182
208,1067.6951,2140.1802,101.7519,1861.8121,2149.7485,1058.1268,1067.6951,2140.1802
209,977.6152,2307.5595,-106.9854,2014.6947,2316.1108,969.0639,977.6152,2307.5595
210,1031.0900,2199.2277,-80.7957,1910.9504,2204.7896,1025.5281,1031.0900,2199.2277
211,1308.9286,2583.8284,-3.9144,2237.7360,2583.8404,1308.9166,1308.9286,2583.8284
212,1163.1215,2443.6590,49.3360,2118.8088,2445.5570,1161.2235,1163.1215,2443.6590
213,1292.5124,2472.7597,10.2324,2142.2816,2472.8484,1292.4237,1292.5124,2472.7597
214,666.7012,2254.4850,68.8408,2009.5627,2257.4641,663.7221,666.7012,2254.4850
215,1437.3886,2571.2053,51.3155,2233.6654,2573.5230,1435.0708,1437.3886,2571.2053
216,1221.2934,2932.8249,271.9828,2594.8225,2975.0066,1179.1117,1221.2934,2932.8249
217,1303.2554,2476.1151,79.6655,2149.8023,2481.5015,1297.8689,1303.2554,2476.1151
218,1284.0468,3244.1688,-188.0356,2848.4759,3262.0441,1266.1714,1284.0468,3244.1688
219,1342.6588,2552.3873,-20.5671,2211.7182,2552.7368,1342.3092,1342.6588,2552.3873
220,1202.8102,2047.8368,63.2306,1785.8396,2052.5419,1198.1050,1202.8102,2047.8368
221,1272.2422,2561.2190,-51.2841,2219.8744,2563.2562,1270.2050,1272.2422,2561.2190
222,1327.2971,2804.5742,-18.5641,2430.2026,2804.8075,1327.0638,1327.2971,2804.5742
223,1253.3561,2507.4384,-58.3536,2173.8563,2510.1478,1250.6467,1253.3561,2507.4384
224,832.5777,2340.4829,-233.2274,2094.1817,2375.7321,797.3285,832.5777,2340.4829
225,705.3262,2397.7233,225.5587,2169.7961,2427.2694,675.7800,705.3262,2397.7233
226,1138.8658,2198.0080,21.2592,1904.3041,2198.4345,1138.4392,1138.8658,2198.0080
227,1372.9270,2748.9023,-270.5831,2426.3132,2800.1996,1321.6297,1372.9270,2748.9023
228,1289.5264,2563.7863,7.3367,2220.3536,2563.8286,1289.4842,1289.5264,2563.7863
229,1279.5145,2534.2031,-4.4715,2194.7331,2534.2191,1279.4985,1279.5145,2534.2031
230,1177.7644,2449.8676,41.6258,2123.3962,2451.2282,1176.4038,1177.7644,2449.8676
231,1063.6309,2312.5570,78.6682,2009.4998,2317.4927,1058.6952,1063.6309,2312.5570
232,1137.4687,2379.0027,-84.0845,2066.0732,2384.6716,1131.7999,1137.4687,2379.0027
233,1079.3229,2135.1599,-53.8430,1851.4902,2137.8985,1076.5842,1079.3229,2135.1599
234,996.4269,1928.3633,-57.4665,1673.2859,1931.8936,992.8967,996.4269,1928.3633
235,1198.1309,2480.3288,55.4944,2150.5880,2482.7261,1195.7335,1198.1309,2480.3288
236,1092.5238,2429.1889,51.1356,2109.1384,2431.1423,1090.5704,1092.5238,2429.1889
237,1126.5483,2420.6282,-66.3008,2101.1389,2424.0162,1123.1603,1126.5483,2420.6282
238,1170.3983,2432.1149,-36.8983,2107.7372,2433.1930,1169.3202,1170.3983,2432.1149
239,1129.9067,2256.2548,73.2700,1958.0916,2261.0011,1125.1604,1129.9067,2256.2548
240,1106.1887,2293.3546,81.7191,1991.5521,2298.9534,1100.5899,1106.1887,2293.3546
241,1111.0385,2359.2627,71.1907,2048.0478,2363.3099,1106.9913,1111.0385,2359.2627
242,1034.4866,2361.4979,52.7893,2052.3784,2363.5945,1032.3899,1034.4866,2361.4979
243,1122.8414,2455.6991,38.5840,2130.3371,2456.8151,1121.7254,1122.8414,2455.6991
244,1073.2971,2238.7847,-71.8181,1943.3774,2243.1935,1068.8883,1073.2971,2238.7847
245,955.7064,1820.6151,-9.7709,1577.4432,1820.7255,955.5960,955.7064,1820.6151
246,932.3065,1698.2934,10.0105,1473.2164,1698.4242,932.1757,932.3065,1698.2934
247,966.8852,2301.7037,4.6839,2001.8215,2301.7201,966.8687,966.8852,2301.7037
248,1122.3262,2155.7097,78.5383,1872.3771,2161.6446,1116.3913,1122.3262,2155.7097
249,986.9770,1901.6476,114.5878,1659.1853,1915.7844,972.8402,986.9770,1901.6476
250,956.3504,2360.6930,-36.2864,2057.6147,2361.6300,955.4135,956.3504,2360.6930
251,980.7377,2357.4319,-97.5552,2058.1206,2364.3105,973.8591,980.7377,2357.4319
252,1050.1877,2414.8088,-88.8397,2102.8245,2420.5682,1044.4283,1050.1877,2414.8088
253,1050.8431,2014.9880,3.3276,1745.5786,2014.9994,1050.8316,1050.8431,2014.9880
254,954.5773,1857.4742,6.6645,1608.8688,1857.5234,954.5281,954.5773,1857.4742
255,982.0561,1996.4814,128.9979,1743.4554,2012.6282,965.9093,982.0561,1996.4814
256,1026.0511,1617.8186,-310.3438,1516.2761,1750.7244,893.1453,1026.0511,1617.8186
257,905.8446,2456.7470,22.1323,2152.2543,2457.0628,905.5288,905.8446,2456.7470
258,1095.7450,2516.1677,23.9709,2185.4983,2516.5722,1095.3406,1095.7450,2516.1677
259,1244.1805,2598.4737,36.5961,2251.9099,2599.4619,1243.1923,1244.1805,2598.4737
260,653.2704,2269.9102,-230.7584,2063.0410,2302.2035,620.9771,653.2704,2269.9102
261,1327.6431,2597.2383,21.7298,2249.7764,2597.6101,1327.2713,1327.6431,2597.2383
262,1261.8051,2649.1169,13.1555,2295.1737,2649.2416,1261.6803,1261.8051,2649.1169
263,1274.2422,2609.9128,-86.3541,2265.4024,2615.4726,1268.6823,1274.2422,2609.9128
264,1310.7067,2519.8028,56.9922,2185.0355,2522.4832,1308.0262,1310.7067,2519.8028
265,1309.9869,2485.8662,-66.2809,2156.9246,2489.5905,1306.2627,1309.9869,2485.8662
266,1150.6574,2138.8643,-48.6716,1856.0064,2141.2557,1148.2660,1150.6574,2138.8643
267,1071.0407,1104.8067,-260.0273,1177.8267,1348.4985,827.3489,1071.0407,1104.8067
268,1261.2307,2562.6661,-25.4970,2219.8643,2563.1654,1260.7314,1261.2307,2562.6661
269,1191.6428,2466.2455,-63.8393,2139.0937,2469.4349,1188.4534,1191.6428,2466.2455
270,983.1000,1502.9823,204.4721,1368.6804,1573.7650,912.3173,983.1000,1502.9823
271,1168.3343,2066.4148,257.5211,1849.2602,2135.0176,1099.7316,1168.3343,2066.4148
272,1124.6402,2199.4593,57.6281,1907.5638,2202.5403,1121.5592,1124.6402,2199.4593
273,1052.7005,1972.7129,51.2183,1712.0072,1975.5555,1049.8579,1052.7005,1972.7129
274,1059.1320,2375.8097,63.6357,2064.4817,2378.8781,1056.0636,1059.1320,2375.8097
275,1257.1960,2499.6869,-28.1484,2165.3538,2500.3243,1256.5587,1257.1960,2499.6869
276,1295.2626,2552.5480,2.8835,2210.6586,2552.5546,1295.2560,1295.2626,2552.5480
277,1221.3362,2524.2285,22.6247,2186.7774,2524.6212,1220.9434,1221.3362,2524.2285
278,1212.8461,2406.3173,-26.3340,2084.4535,2406.8981,1212.2653,1212.8461,2406.3173
279,1198.3960,2357.0956,-15.7761,2041.5840,2357.3104,1198.1813,1198.3960,2357.0956
280,681.1684,2465.8707,223.6895,2239.4076,2493.4801,653.5590,681.1684,2465.8707
281,1114.1522,2401.1016,5.9593,2081.2347,2401.1292,1114.1246,1114.1522,2401.1016
282,1149.1209,2385.0460,49.0654,2067.7135,2386.9908,1147.1761,1149.1209,2385.0460
283,1234.2302,2448.7176,35.9927,2121.5907,2449.7834,1233.1644,1234.2302,2448.7176
284,954.2600,1710.3713,1.3884,1484.5366,1710.3739,954.2574,954.2600,1710.3713
285,954.1533,1820.9935,-1.2887,1577.6324,1820.9954,954.1514,954.1533,1820.9935
286,1002.0595,1990.1684,-61.4975,1726.8388,1993.9812,998.2468,1002.0595,1990.1684
287,1129.0235,2286.9002,-81.1983,1985.5533,2292.5666,1123.3571,1129.0235,2286.9002
288,1373.8675,2830.1580,97.1139,2457.0993,2836.6055,1367.4200,1373.8675,2830.1580
289,1232.9142,2611.6995,39.9414,2264.0309,2612.8555,1231.7581,1232.9142,2611.6995
290,1025.8248,2382.7982,-15.6859,2070.3740,2382.9795,1025.6435,1025.8248,2382.7982
291,1062.0883,2406.0710,-35.9802,2089.4098,2407.0336,1061.1258,1062.0883,2406.0710
292,971.9589,2356.3697,-83.8617,2056.2067,2361.4312,966.8974,971.9589,2356.3697
293,1268.3274,2372.9908,-49.4744,2058.4833,2375.2022,1266.1161,1268.3274,2372.9908
294,1254.4542,2453.1427,-33.9807,2125.4819,2454.1053,1253.4917,1254.4542,2453.1427
295,1176.7798,2536.2462,23.2662,2198.7214,2536.6442,1176.3817,1176.7798,2536.2462
296,1052.0537,2424.2807,62.1946,2108.3370,2427.0938,1049.2406,1052.0537,2424.2807
297,983.0748,2252.2705,-126.0815,1967.9171,2264.6742,970.6711,983.0748,2252.2705
298,1097.9145,2376.7597,-58.6895,2062.8276,2379.4475,1095.2268,1097.9145,2376.7597
299,1083.8792,2383.6508,32.0127,2067.8661,2384.4388,1083.0912,1083.8792,2383.6508
300,1168.9468,2473.6355,56.1044,2145.5079,2476.0437,1166.5387,1168.9468,2473.6355
301,994.5280,2107.1651,76.0040,1830.5534,2112.3329,989.3602,994.5280,2107.1651
302,1172.7815,2380.3523,61.3168,2064.2528,2383.4578,1169.6760,1172.7815,2380.3523
303,1067.4182,2267.9280,71.2770,1969.0842,2272.1451,1063.2012,1067.4182,2267.9280
304,1100.3302,2358.9572,-56.8549,2046.8198,2361.5202,1097.7672,1100.3302,2358.9572
305,1111.0118,2353.4328,-60.8237,2041.9109,2356.4034,1108.0412,1111.0118,2353.4328
306,930.5504,1741.8953,-63.4843,1513.7017,1746.8327,925.6131,930.5504,1741.8953
307,1054.5335,2363.4813,76.2904,2055.0365,2367.9128,1050.1020,1054.5335,2363.4813
308,979.2758,2282.9315,11.2144,1983.8133,2283.0280,979.1794,979.2758,2282.9315
309,952.6126,2228.1841,5.7735,1936.4346,2228.2103,952.5865,952.6126,2228.1841
310,1046.9432,2041.5801,-132.7586,1783.1420,2058.9950,1029.5282,1046.9432,2041.5801
311,1048.1637,1949.7407,-71.5517,1694.6526,1955.3839,1042.5205,1048.1637,1949.7407
312,970.4940,1858.3529,20.6137,1610.3070,1858.8313,970.0157,970.4940,1858.3529
313,1130.1063,2446.2826,67.3385,2123.7897,2449.7188,1126.6701,1130.1063,2446.2826
314,1212.8717,2459.3895,52.1475,2131.8744,2461.5673,1210.6939,1212.8717,2459.3895
315,1395.8781,2500.5123,-127.6322,2181.6271,2515.0674,1381.3229,1395.8781,2500.5123
316,993.2567,2443.9566,-67.4080,2132.0502,2447.0820,990.1313,993.2567,2443.9566
317,1013.8887,1988.7160,-75.7906,1727.3846,1994.5734,1008.0313,1013.8887,1988.7160
318,972.6201,1904.2827,115.8531,1661.4466,1918.4730,958.4298,972.6201,1904.2827
319,1158.7899,2630.8520,-66.5172,2286.6669,2633.8516,1155.7903,1158.7899,2630.8520
320,1254.9143,2607.8312,27.4227,2259.4789,2608.3868,1254.3587,1254.9143,2607.8312
321,1259.3886,2520.5542,31.0479,2183.5265,2521.3181,1258.6247,1259.3886,2520.5542
322,1345.0064,2596.3676,19.6037,2249.2641,2596.6746,1344.6994,1345.0064,2596.3676
323,1045.1599,2565.4129,109.3329,2242.3865,2573.2356,1037.3372,1045.1599,2565.4129
324,1287.1362,2604.7902,14.7224,2256.0102,2604.9547,1286.9718,1287.1362,2604.7902
325,1298.0483,2599.5601,-26.5853,2251.7567,2600.1030,1297.5055,1298.0483,2599.5601
326,1174.4230,2388.7855,-57.2417,2071.2196,2391.4777,1171.7308,1174.4230,2388.7855
327,1175.4411,1970.3749,16.6471,1717.2102,1970.7233,1175.0926,1175.4411,1970.3749
328,1439.2940,3020.5816,-187.2093,2636.8764,3042.4431,1417.4325,1439.2940,3020.5816
329,1171.0990,2533.9071,-59.6711,2198.9506,2536.5148,1168.4912,1171.0990,2533.9071
330,1199.8709,2389.7011,97.4607,2076.4211,2397.6314,1191.9406,1199.8709,2389.7011
331,1161.4803,2247.2353,85.4887,1952.1548,2253.9251,1154.7905,1161.4803,2247.2353
332,605.7681,2420.9130,176.6380,2203.3760,2437.9425,588.7386,605.7681,2420.9130
333,1354.2696,2639.3775,72.0207,2289.4305,2643.4011,1350.2460,1354.2696,2639.3775
334,1036.2083,1521.5668,254.2131,1416.3707,1630.3382,927.4369,1036.2083,1521.5668
335,1045.4894,1604.5146,263.6345,1482.7413,1709.2291,940.7749,1045.4894,1604.5146
336,1279.0873,2425.9311,115.9653,2111.5331,2437.5396,1267.4788,1279.0873,2425.9311
337,1270.9975,2364.1777,67.4887,2052.6984,2368.3284,1266.8467,1270.9975,2364.1777
338,1101.7346,2113.7394,-15.6905,1831.3034,2113.9826,1101.4913,1101.7346,2113.7394
339,988.4048,1887.4673,-65.6653,1639.1556,1892.2380,983.6341,988.4048,1887.4673
340,1182.7112,2443.3962,-37.5002,2117.3988,2444.5107,1181.5967,1182.7112,2443.3962
341,1262.1487,2523.5676,1.4248,2185.4751,2523.5692,1262.1471,1262.1487,2523.5676
342,1231.4174,2475.1306,-18.9927,2143.7872,2475.4205,1231.1274,1231.4174,2475.1306
343,1158.0489,2327.0662,-35.5209,2016.2448,2328.1445,1156.9706,1158.0489,2327.0662
344,1137.5775,2335.7893,-81.8255,2028.0382,2341.3513,1132.0154,1137.5775,2335.7893
345,1213.6746,2419.7945,-26.1721,2096.0972,2420.3622,1213.1069,1213.6746,2419.7945
346,1133.8317,2315.3506,-33.5532,2006.1362,2316.3027,1132.8796,1133.8317,2315.3506
347,1133.5933,2478.3000,-92.9398,2154.8860,2484.6932,1127.2001,1133.5933,2478.3000
348,1160.1695,2437.6208,-45.3863,2113.3184,2439.2313,1158.5590,1160.1695,2437.6208
349,1212.3633,2507.7478,-25.3124,2172.6124,2508.2423,1211.8689,1212.3633,2507.7478
350,1217.9458,2484.2678,36.7492,2152.5163,2485.3334,1216.8802,1217.9458,2484.2678
351,1130.9222,2452.7598,63.2584,2129.1172,2455.7802,1127.9018,1130.9222,2452.7598
352,940.8541,2276.9247,-2.4507,1981.7560,2276.9292,940.8496,940.8541,2276.9247
353,1305.3178,2896.8023,208.4591,2538.5894,2923.6541,1278.4660,1305.3178,2896.8023
354,1123.5259,2325.6501,20.1523,2014.7578,2325.9878,1123.1882,1123.5259,2325.6501
355,1168.9243,2377.8080,-36.5012,2060.3093,2378.9092,1167.8232,1168.9243,2377.8080
356,1068.7565,2229.6195,-100.4056,1939.2697,2238.2398,1060.1362,1068.7565,2229.6195
357,1023.9450,2263.8430,-75.6577,1967.8847,2268.4425,1019.3455,1023.9450,2263.8430
358,1071.4263,2263.1389,-103.2117,1968.9905,2272.0118,1062.5534,1071.4263,2263.1389
359,976.4012,2272.9990,113.7607,1984.7794,2282.9044,966.4957,976.4012,2272.9990
360,972.7670,2365.6564,79.9584,2064.1108,2370.2314,968.1920,972.7670,2365.6564
361,1010.8383,1892.8148,1.4306,1640.4933,1892.8171,1010.8360,1010.8383,1892.8148
362,1158.6277,2408.2033,66.6991,2089.2575,2411.7535,1155.0776,1158.6277,2408.2033
363,1094.2922,2144.0330,70.5016,1860.9315,2148.7468,1089.5784,1094.2922,2144.0330
364,1108.3990,2484.7349,21.2461,2156.3238,2485.0627,1108.0711,1108.3990,2484.7349
365,1136.8152,2374.6178,52.3359,2059.0954,2376.8267,1134.6063,1136.8152,2374.6178
366,1121.9520,2385.0841,58.7684,2069.2544,2387.8125,1119.2236,1121.9520,2385.0841
367,1367.8146,2635.3300,-199.4632,2308.8081,2665.9776,1337.1670,1367.8146,2635.3300
368,1222.1940,2517.7192,-11.6172,2180.8099,2517.8234,1222.0899,1222.1940,2517.7192
369,1062.1646,2403.3059,-84.3203,2091.0992,2408.5865,1056.8840,1062.1646,2403.3059
370,1258.9325,2605.6928,46.2334,2258.4436,2607.2781,1257.3472,1258.9325,2605.6928
371,1483.8251,3186.0982,-128.8362,2770.4048,3195.7939,1474.1294,1483.8251,3186.0982
372,1093.8212,2229.0525,-61.0947,1933.4251,2232.3309,1090.5427,1093.8212,2229.0525
373,977.8741,2034.9950,-132.9492,1777.7795,2051.4590,961.4101,977.8741,2034.9950
374,1013.2514,2324.6878,32.7784,2019.5499,2325.5066,1012.4327,1013.2514,2324.6878
375,1267.9244,2430.6478,32.6230,2106.4179,2431.5624,1267.0098,1267.9244,2430.6478
376,1174.9649,2323.9963,-79.9901,2017.4446,2329.5381,1169.4231,1174.9649,2323.9963
377,961.2562,1820.3480,88.7077,1584.7608,1829.4121,952.1921,961.2562,1820.3480
378,1058.1552,2021.4230,81.5960,1756.9399,2028.2859,1051.2923,1058.1552,2021.4230
379,1084.9458,2384.5461,-42.2250,2069.1576,2385.9166,1083.5753,1084.9458,2384.5461
380,1199.5840,2447.1255,6.2583,2119.4362,2447.1569,1199.5526,1199.5840,2447.1255
381,928.6248,1834.1073,-14.0073,1588.6109,1834.3239,928.4082,928.6248,1834.1073
382,1054.1770,2019.9562,-12.9366,1750.0351,2020.1294,1054.0037,1054.1770,2019.9562
383,922.6012,2229.2775,-14.9814,1940.3119,2229.4492,922.4295,922.6012,2229.2775
384,1131.7763,2243.0058,69.5776,1946.2618,2247.3454,1127.4367,1131.7763,2243.0058
385,1241.6443,2507.7045,26.8683,2172.2686,2508.2744,1241.0744,1241.6443,2507.7045
386,1050.2642,2102.6946,-76.4869,1825.7999,2108.2244,1044.7345,1050.2642,2102.6946
387,1072.5092,2289.3168,-98.6250,1991.2596,2297.2588,1064.5673,1072.5092,2289.3168
388,1066.9071,2326.8616,-98.5758,2024.6437,2334.5273,1059.2414,1066.9071,2326.8616
389,1108.3384,2411.0234,62.9993,2093.1137,2414.0630,1105.2988,1108.3384,2411.0234
390,1316.7885,2553.7613,-25.0432,2212.4075,2554.2681,1316.2817,1316.7885,2553.7613
391,1278.9075,2432.9646,62.4863,2110.7103,2436.3381,1275.5340,1278.9075,2432.9646
392,1179.5521,2376.9077,65.0836,2061.5660,2380.4350,1176.0248,1179.5521,2376.9077
393,1250.0489,2593.3865,-24.4007,2246.8204,2593.8295,1249.6058,1250.0489,2593.3865
394,1294.1189,2549.1644,7.1782,2207.7626,2549.2054,1294.0779,1294.1189,2549.1644
395,630.9956,2350.7948,199.2284,2135.4452,2373.5725,608.2178,630.9956,2350.7948
396,1304.6281,2575.2759,9.4254,2230.3788,2575.3458,1304.5582,1304.6281,2575.2759
397,1307.8612,2588.8966,16.1701,2242.2653,2589.1007,1307.6572,1307.8612,2588.8966
398,1235.0279,2582.5910,9.0577,2237.3521,2582.6519,1234.9670,1235.0279,2582.5910
399,1286.8335,2626.2938,47.5944,2276.0826,2627.9828,1285.1445,1286.8335,2626.2938
400,1101.5187,2212.1937,61.8680,1918.8159,2215.6293,1098.0831,1101.5187,2212.1937
401,1080.2554,2048.1751,41.1182,1776.0892,2049.9187,1078.5118,1080.2554,2048.1751
402,1294.0434,2572.7907,41.8935,2229.2965,2574.1617,1292.6723,1294.0434,2572.7907
403,1265.0032,2552.9444,-4.9421,2210.9610,2552.9634,1264.9842,1265.0032,2552.9444
404,1338.2041,2793.0336,-95.7837,2425.2219,2799.3128,1331.9249,1338.2041,2793.0336
405,1161.4052,2497.8785,11.9026,2165.0947,2497.9845,1161.2992,1161.4052,2497.8785
406,1106.3649,2325.6253,-46.7216,2016.4659,2327.4131,1104.5772,1106.3649,2325.6253
407,1460.5499,3007.5034,222.3455,2633.2464,3038.8271,1429.2261,1460.5499,3007.5034
408,1058.1881,2667.5883,-129.0604,2337.2952,2677.8722,1047.9043,1058.1881,2667.5883
409,1303.5634,2555.1321,7.2324,2212.9975,2555.1739,1303.5216,1303.5634,2555.1321
410,1312.1118,2563.6505,0.6612,2220.3934,2563.6509,1312.1115,1312.1118,2563.6505
411,1431.2589,2887.8227,-268.8389,2543.9385,2935.8583,1383.2233,1431.2589,2887.8227
412,1196.9951,1606.0973,-204.9976,1488.5991,1691.1410,1111.9514,1196.9951,1606.0973
413,1264.1229,2331.7809,43.9563,2023.2024,2333.5876,1262.3162,1264.1229,2331.7809
414,1235.7065,2594.4170,0.2138,2247.6727,2594.4170,1235.7064,1235.7065,2594.4170
415,1013.1830,2013.9948,-35.5597,1745.2688,2015.2567,1011.9211,1013.1830,2013.9948
416,1020.1360,1346.1371,275.8594,1306.8339,1503.5544,862.7187,1020.1360,1346.1371
417,1277.1018,2547.7761,35.4830,2207.2970,2548.7662,1276.1117,1277.1018,2547.7761
418,1021.2733,1928.7507,24.3349,1671.8473,1929.4028,1020.6212,1021.2733,1928.7507
419,1145.5047,2087.5917,25.5415,1811.3064,2088.2836,1144.8128,1145.5047,2087.5917
420,1163.6267,2358.5177,-44.1062,2044.0242,2360.1436,1162.0009,1163.6267,2358.5177
421,1099.9921,2280.9285,-60.6800,1978.5501,2284.0382,1096.8824,1099.9921,2280.9285
422,1089.7472,2463.9184,37.0758,2139.5136,2464.9180,1088.7476,1089.7472,2463.9184
423,1038.3859,2432.5633,31.1836,2114.8493,2433.2605,1037.6887,1038.3859,2432.5633
424,1101.9461,2318.7880,-53.5428,2011.0903,2321.1394,1099.5947,1101.9461,2318.7880
425,1127.8610,2172.6394,-43.7259,1883.5427,2174.4663,1126.0342,1127.8610,2172.6394
426,1062.2372,2060.7708,-40.7788,1786.3610,2062.4334,1060.5746,1062.2372,2060.7708
427,1231.6954,2371.8500,10.7813,2054.6771,2371.9519,1231.5935,1231.6954,2371.8500
428,1206.3728,2510.4647,58.9617,2177.0718,2513.1251,1203.7124,1206.3728,2510.4647
429,1114.4380,2250.9804,72.6283,1953.4921,2255.6027,1109.8156,1114.4380,2250.9804
430,1190.6313,2409.6347,78.2253,2091.2469,2414.6341,1185.6320,1190.6313,2409.6347
431,1215.9543,2853.2327,-192.7461,2502.3058,2875.6174,1193.5696,1215.9543,2853.2327
432,1167.9698,2353.9299,-5.3794,2038.6042,2353.9543,1167.9454,1167.9698,2353.9299
433,1129.4506,2391.9179,37.7422,2073.5598,2393.0452,1128.3233,1129.4506,2391.9179
434,1023.0832,2408.8531,217.9615,2127.7540,2442.3267,989.6096,1023.0832,2408.8531
435,1123.1985,2424.6375,-69.2984,2105.1127,2428.3171,1119.5190,1123.1985,2424.6375
436,1179.7996,2471.4997,-54.3804,2143.1834,2473.7851,1177.5142,1179.7996,2471.4997
437,1090.5259,2432.6075,65.9458,2113.5399,2435.8401,1087.2933,1090.5259,2432.6075
438,1128.8705,2388.2462,72.5357,2073.1213,2392.4102,1124.7065,1128.8705,2388.2462
439,1095.0844,2370.5893,79.5945,2059.5907,2375.5370,1090.1367,1095.0844,2370.5893
440,1099.7900,2546.2010,-106.3772,2219.5359,2553.9828,1092.0083,1099.7900,2546.2010
441,1282.3452,2476.3055,-260.8988,2192.0821,2530.8263,1227.8244,1282.3452,2476.3055
442,1204.6585,2449.6994,-52.4219,2123.5400,2451.9027,1202.4552,1204.6585,2449.6994
443,1242.5929,2513.9057,-25.9093,2177.6160,2514.4335,1242.0650,1242.5929,2513.9057
444,1274.6887,2618.3337,-20.5247,2268.0843,2618.6472,1274.3753,1274.6887,2618.3337
445,1256.8293,2555.4041,-31.8280,2213.8298,2556.1837,1256.0497,1256.8293,2555.4041
446,1126.2222,2436.4112,-73.3167,2115.8123,2440.5012,1122.1323,1126.2222,2436.4112
447,1086.4088,2364.5911,-57.2483,2052.4363,2367.1501,1083.8498,1086.4088,2364.5911
448,976.2928,1405.9841,-239.0341,1314.7999,1512.5353,869.7416,976.2928,1405.9841
449,1110.7652,2402.4418,36.9065,2083.5218,2403.4954,1109.7116,1110.7652,2402.4418
450,1091.9991,2387.4114,68.8902,2073.4950,2391.0646,1088.3458,1091.9991,2387.4114
451,1020.0177,2191.1221,-74.1984,1903.4141,2195.8044,1015.3354,1020.0177,2191.1221
452,1069.2287,2203.2176,-106.9317,1917.2839,2213.2128,1059.2335,1069.2287,2203.2176
453,1185.8713,2406.2625,-22.0770,2084.3068,2406.6618,1185.4721,1185.8713,2406.2625
454,952.5532,2221.9137,62.0118,1933.7279,2224.9360,949.5310,952.5532,2221.9137
455,1219.3808,2556.2462,22.7504,2214.9040,2556.6333,1218.9937,1219.3808,2556.2462
456,1177.1702,2469.7924,51.4502,2141.5367,2471.8370,1175.1256,1177.1702,2469.7924
457,980.8882,2252.4490,-121.2610,1967.3282,2263.9096,969.4275,980.8882,2252.4490
458,1064.8994,2341.6477,-99.5388,2037.9964,2349.3614,1057.1857,1064.8994,2341.6477
459,1110.6735,2377.3276,-52.2899,2062.2925,2379.4826,1108.5185,1110.6735,2377.3276
460,1034.3737,2335.5567,-60.3527,2029.7396,2338.3500,1031.5803,1034.3737,2335.5567
461,1105.3636,2432.5982,-68.8284,2112.9764,2436.1580,1101.8038,1105.3636,2432.5982
462,1010.0917,2111.7640,87.8711,1835.7345,2118.7287,1003.1270,1010.0917,2111.7640
463,990.6526,1870.4226,-19.5516,1621.1358,1870.8569,990.2183,990.6526,1870.4226
464,980.5559,1941.9313,-70.9083,1686.2677,1947.1331,975.3540,980.5559,1941.9313
465,968.4469,1884.8794,-44.5392,1634.3823,1887.0390,966.2873,968.4469,1884.8794
466,1195.2042,2527.0082,43.0566,2190.7885,2528.3988,1193.8136,1195.2042,2527.0082
467,1158.0049,2505.0360,45.7853,2172.9302,2506.5904,1156.4505,1158.0049,2505.0360
468,1037.0572,2295.5927,-69.5344,1994.7626,2299.4229,1033.2271,1037.0572,2295.5927
469,1034.2009,2281.4506,-77.2821,1983.1862,2286.2209,1029.4305,1034.2009,2281.4506
470,974.8506,1928.6401,-118.0611,1682.7554,1943.0365,960.4541,974.8506,1928.6401
471,1063.9049,2146.8104,-101.7566,1867.5518,2156.2892,1054.4261,1063.9049,2146.8104
472,608.8770,2362.4633,-176.5625,2146.4011,2380.0641,591.2762,608.8770,2362.4633
473,1011.2810,2448.4120,0.3019,2131.0510,2448.4121,1011.2810,1011.2810,2448.4120
474,1307.8729,2592.7410,17.2910,2245.6088,2592.9737,1307.6403,1307.8729,2592.7410
475,1431.0267,2783.7546,17.8640,2411.3186,2783.9905,1430.7908,1431.0267,2783.7546
476,1378.8274,2697.8584,56.2270,2338.6339,2700.2509,1376.4349,1378.8274,2697.8584
477,1250.9386,2547.2129,-32.0917,2206.7677,2548.0069,1250.1446,1250.9386,2547.2129
478,1200.4161,2483.0282,8.0483,2150.8034,2483.0787,1200.3656,1200.4161,2483.0282
479,1222.3319,2544.6404,3.3245,2204.2976,2544.6488,1222.3236,1222.3319,2544.6404
480,1097.2662,1895.3125,216.2303,1690.2092,1950.1341,1042.4446,1097.2662,1895.3125
481,1277.8718,2536.7581,7.3518,2196.9544,2536.8011,1277.8289,1277.8718,2536.7581
482,1187.8355,2337.4252,-31.0800,2025.0756,2338.2649,1186.9959,1187.8355,2337.4252
483,1594.2498,2608.9000,-24.7523,2278.2869,2609.5035,1593.6463,1594.2498,2608.9000
484,1364.3428,2224.8641,-298.4830,2010.7836,2318.2601,1270.9467,1364.3428,2224.8641
485,1223.6375,2564.3036,36.5615,2222.4252,2565.2999,1222.6412,1223.6375,2564.3036
486,1330.0781,2545.8160,33.3800,2206.2401,2546.7319,1329.1623,1330.0781,2545.8160
487,1295.8349,2500.6240,9.8785,2166.1499,2500.7050,1295.7539,1295.8349,2500.6240
488,1313.4752,2613.0144,-4.6271,2262.9618,2613.0309,1313.4587,1313.4752,2613.0144
489,1276.8968,2975.5978,203.0958,2609.3793,2999.5423,1252.9523,1276.8968,2975.5978
490,1189.6824,2630.3404,77.6820,2285.3596,2634.5170,1185.5058,1189.6824,2630.3404
491,1288.3291,2468.6214,8.3478,2138.6201,2468.6804,1288.2701,1288.3291,2468.6214
492,1172.0341,2490.2959,-263.1650,2205.5143,2540.8899,1121.4401,1172.0341,2490.2959
493,658.7628,2268.0376,-199.2732,2050.1204,2292.3460,634.4544,658.7628,2268.0376
494,1137.6276,2512.3022,27.1463,2179.4507,2512.8380,1137.0917,1137.6276,2512.3022
495,1230.4364,2303.6099,-57.7199,1999.0352,2306.7054,1227.3409,1230.4364,2303.6099
496,1210.7426,2586.2775,45.4499,2242.6792,2587.7776,1209.2425,1210.7426,2586.2775
497,1332.0142,2664.6318,65.0624,2310.3888,2667.8008,1328.8452,1332.0142,2664.6318
498,1202.8770,2520.2271,-16.1820,2183.5109,2520.4258,1202.6783,1202.8770,2520.2271
499,1226.3080,2528.4730,-41.1345,2191.2089,2529.7712,1225.0099,1226.3080,2528.4730
500,1250.0303,2460.8477,-2.9064,2131.2528,2460.8547,1250.0234,1250.0303,2460.8477
501,1154.9779,2403.7679,52.3675,2084.2270,2405.9600,1152.7857,1154.9779,2403.7679
502,1190.1104,2406.3885,54.8111,2086.1959,2408.8536,1187.6454,1190.1104,2406.3885
503,1132.0373,2271.2919,75.5206,1971.3443,2276.2763,1127.0528,1132.0373,2271.2919
504,1226.7025,2497.1878,-17.9199,2162.9616,2497.4406,1226.4498,1226.7025,2497.1878
505,1228.6596,2495.6765,-16.2678,2161.5880,2495.8853,1228.4507,1228.6596,2495.6765
506,1079.5897,2451.0661,36.1234,2128.6165,2452.0169,1078.6389,1079.5897,2451.0661
507,1197.3127,2409.5700,5.3966,2086.7831,2409.5940,1197.2887,1197.3127,2409.5700
508,1062.6442,2137.2484,-96.4681,1858.4475,2145.8397,1054.0529,1062.6442,2137.2484
509,1275.0528,2517.5067,-8.6358,2180.3370,2517.5667,1274.9928,1275.0528,2517.5067
510,1421.5556,2637.3509,64.9391,2289.0938,2640.8097,1418.0969,1421.5556,2637.3509
511,1418.3906,3433.3686,74.7358,2991.1119,3436.1367,1415.6224,1418.3906,3433.3686
512,1246.6680,1637.6872,-240.7063,1538.9499,1752.2801,1132.0752,1246.6680,1637.6872
513,1261.0153,2524.7500,35.0217,2187.3393,2525.7198,1260.0455,1261.0153,2524.7500
514,1220.3161,2529.4033,25.0889,2191.4081,2529.8840,1219.8354,1220.3161,2529.4033
515,1121.8860,2101.5505,34.3881,1822.3584,2102.7561,1120.6804,1121.8860,2101.5505
516,1050.4263,2116.7145,-9.0371,1833.2125,2116.7911,1050.3498,1050.4263,2116.7145
517,630.2332,2179.0731,164.7999,1963.0859,2196.4140,612.8923,630.2332,2179.0731
518,1105.6478,2267.1302,80.1111,1968.4873,2272.6297,1100.1484,1105.6478,2267.1302
519,1020.0646,2245.9681,82.1822,1952.9807,2251.4529,1014.5798,1020.0646,2245.9681
520,1207.6751,2564.7274,27.8200,2222.8968,2565.2974,1207.1051,1207.6751,2564.7274
521,1135.4064,2403.9206,45.6887,2084.4225,2405.5640,1133.7629,1135.4064,2403.9206
522,1186.8163,2485.6198,-8.6884,2153.3906,2485.6779,1186.7582,1186.8163,2485.6198
523,1127.4331,2373.6740,43.1748,2057.8793,2375.1679,1125.9391,1127.4331,2373.6740
524,1123.4796,2251.4074,108.9533,1958.8884,2261.8354,1113.0516,1123.4796,2251.4074
525,1219.9459,2093.6416,74.9407,1826.0126,2100.0230,1213.5645,1219.9459,2093.6416
526,1141.6354,2431.8627,67.1735,2110.5743,2435.3505,1138.1475,1141.6354,2431.8627
527,1070.5854,2357.9237,76.1121,2049.1407,2362.4081,1066.1009,1070.5854,2357.9237
528,1049.4128,2050.8729,-49.1985,1778.3127,2053.2841,1047.0016,1049.4128,2050.8729
529,948.7399,1835.3751,-98.7378,1598.9569,1846.2377,937.8773,948.7399,1835.3751
530,1163.8499,2397.7736,-47.2102,2078.4375,2399.5772,1162.0463,1163.8499,2397.7736
531,1191.3972,2400.2588,-59.6699,2081.2711,2403.1970,1188.4590,1191.3972,2400.2588
532,1197.2185,2434.4455,-54.2435,2110.4788,2436.8191,1194.8449,1197.2185,2434.4455
533,1131.3305,2315.9697,-73.9444,2009.9504,2320.5674,1126.7328,1131.3305,2315.9697
534,1304.5948,2632.8281,109.5672,2288.0106,2641.8058,1295.6172,1304.5948,2632.8281
535,1193.8375,2656.8546,-4.9977,2304.8529,2656.8717,1193.8205,1193.8375,2656.8546
536,1236.6099,2508.3656,22.7342,2172.7363,2508.7719,1236.2036,1236.6099,2508.3656
537,1231.4156,2521.5114,25.0976,2184.3226,2521.9994,1230.9276,1231.4156,2521.5114
538,992.0069,1958.7844,57.8661,1699.3622,1962.2356,988.5556,992.0069,1958.7844
539,1064.3319,2104.0075,59.7784,1825.1049,2107.4333,1060.9061,1064.3319,2104.0075
540,964.8593,1775.0294,69.6980,1543.8920,1780.9817,958.9070,964.8593,1775.0294
541,1037.0336,1997.4847,40.7904,1731.7380,1999.2139,1035.3043,1037.0336,1997.4847
542,1013.3460,2289.4095,52.5752,1989.1190,2291.5720,1011.1835,1013.3460,2289.4095
543,1194.7810,2402.6796,64.7001,2083.8074,2406.1353,1191.3253,1194.7810,2402.6796
544,1248.8147,2749.0284,77.5368,2387.8241,2753.0252,1244.8180,1248.8147,2749.0284
545,1413.9331,2708.2218,209.1323,2373.9496,2741.1746,1380.9803,1413.9331,2708.2218
546,960.2161,2433.1326,-295.3593,2183.4668,2490.1527,903.1960,960.2161,2433.1326
547,1348.5569,2699.4989,117.6100,2346.6931,2709.6613,1338.3945,1348.5569,2699.4989
548,1182.0241,1607.6457,219.6526,1492.0360,1700.6710,1088.9988,1182.0241,1607.6457
549,1259.0709,2343.6952,-97.4883,2038.5780,2352.3880,1250.3781,1259.0709,2343.6952
550,1313.7165,2568.1569,-3.0274,2224.2928,2568.1642,1313.7092,1313.7165,2568.1569
551,1291.6474,2638.6969,0.9076,2285.3470,2638.6976,1291.6468,1291.6474,2638.6969
552,1200.5197,2382.8874,-17.0209,2063.8715,2383.1323,1200.2748,1200.5197,2382.8874
553,786.4172,2183.9762,-190.3089,1944.0525,2209.4275,760.9659,786.4172,2183.9762
554,1348.0130,2700.7005,82.1426,2343.1997,2705.6703,1343.0431,1348.0130,2700.7005
555,1297.0867,2551.1400,12.3741,2209.5608,2551.2621,1296.9646,1297.0867,2551.1400
556,1278.5198,2476.9957,23.9499,2145.9155,2477.4741,1278.0414,1278.5198,2476.9957
557,1081.0298,2378.6516,35.1846,2063.7174,2379.6049,1080.0765,1081.0298,2378.6516
558,1127.7655,2361.1729,-62.3398,2048.3657,2364.3158,1124.6227,1127.7655,2361.1729
559,1225.6476,2593.6312,1.8166,2247.2799,2593.6336,1225.6452,1225.6476,2593.6312
560,1226.1578,2616.9889,18.8886,2268.1100,2617.2454,1225.9013,1226.1578,2616.9889
561,1119.8252,2439.8571,-160.1513,2133.4580,2459.0094,1100.6729,1119.8252,2439.8571
562,1234.2090,2437.4802,249.3418,2154.7008,2487.1024,1184.5868,1234.2090,2437.4802
563,1241.5745,2523.6223,-49.9732,2187.3280,2525.5673,1239.6295,1241.5745,2523.6223
564,1205.1358,2513.7198,-27.7508,2178.0900,2514.3080,1204.5476,1205.1358,2513.7198
565,1196.8080,2408.4856,12.9267,2085.9432,2408.6235,1196.6701,1196.8080,2408.4856
566,1158.7459,2127.2620,-129.0489,1858.2089,2144.1621,1141.8459,1158.7459,2127.2620
567,1242.3197,2292.6249,-135.8354,2001.6663,2309.9081,1225.0365,1242.3197,2292.6249
568,1326.4024,3167.6221,151.9008,2767.8246,3180.0698,1313.9547,1326.4024,3167.6221
569,1067.3181,2121.0110,13.4312,1837.0093,2121.1822,1067.1469,1067.3181,2121.0110
570,1111.8487,2075.4083,44.8979,1800.5651,2077.4958,1109.7612,1111.8487,2075.4083
571,1297.7304,2586.7070,10.5136,2240.2323,2586.7928,1297.6447,1297.7304,2586.7070
572,1199.9569,2534.2081,22.8049,2196.0708,2534.5978,1199.5672,1199.9569,2534.2081
573,1023.6892,2259.9938,75.1589,1964.4151,2264.5461,1019.1368,1023.6892,2259.9938
574,1070.5521,2254.1499,91.2941,1959.3602,2261.1502,1063.5517,1070.5521,2254.1499
575,1239.6252,2517.0676,41.5638,2181.1149,2518.4186,1238.2743,1239.6252,2517.0676
576,1236.9640,2506.7325,18.7986,2171.2001,2507.0107,1236.6858,1236.9640,2506.7325
577,1191.9484,2450.6485,176.1270,2144.3961,2474.8290,1167.7679,1191.9484,2450.6485
578,1150.5114,1267.6676,-257.0985,1292.4746,1472.7769,945.4021,1150.5114,1267.6676
579,1137.8330,2311.8854,16.4383,2002.4358,2312.1155,1137.6029,1137.8330,2311.8854
580,1072.6645,1821.0475,-28.1176,1586.1343,1822.1024,1071.6096,1072.6645,1821.0475
581,1280.1718,2542.4289,-14.9042,2201.9776,2542.6049,1279.9959,1280.1718,2542.4289
582,1303.1544,2566.2710,8.2617,2222.5921,2566.3251,1303.1004,1303.1544,2566.2710
583,1270.0364,2560.5052,15.6068,2217.6508,2560.6939,1269.8477,1270.0364,2560.5052
584,1292.7603,2560.4961,17.7012,2217.7019,2560.7432,1292.5132,1292.7603,2560.4961
585,1232.8486,2088.2811,-118.5602,1829.8822,2104.4091,1216.7206,1232.8486,2088.2811
586,1252.5006,2435.7803,-1.5465,2109.7332,2435.7823,1252.4986,1252.5006,2435.7803
587,1323.4599,2666.9312,-1.3859,2309.6531,2666.9326,1323.4585,1323.4599,2666.9312
588,1276.5482,2575.4649,-41.9675,2231.6302,2576.8194,1275.1937,1276.5482,2575.4649
589,1000.9630,1937.8487,54.6660,1681.2004,1941.0276,997.7841,1000.9630,1937.8487
590,984.1079,1892.3593,50.2017,1641.5745,1895.1257,981.3416,984.1079,1892.3593
591,1092.0566,2385.8016,46.9757,2070.2238,2387.5050,1090.3532,1092.0566,2385.8016
592,1230.9607,2592.3723,14.0580,2246.1395,2592.5174,1230.8155,1230.9607,2592.3723
593,1203.8585,2519.4197,-19.2151,2182.8500,2519.7003,1203.5779,1203.8585,2519.4197
594,1056.5519,2074.4649,42.3098,1798.1371,2076.2205,1054.7963,1056.5519,2074.4649
595,1298.8390,2509.1237,-105.6162,2181.1009,2518.2712,1289.6915,1298.8390,2509.1237
596,1237.9167,2448.8137,-114.5186,2130.0335,2459.5490,1227.1814,1237.9167,2448.8137
597,1177.8440,2397.0410,57.8757,2078.4202,2399.7822,1175.1028,1177.8440,2397.0410
598,1146.5717,2368.9610,62.9047,2054.8212,2372.1896,1143.3431,1146.5717,2368.9610
599,1094.1542,2142.3364,145.5991,1872.5196,2162.1852,1074.3054,1094.1542,2142.3364
600,1079.4814,1997.2419,48.3494,1733.5751,1999.7820,1076.9412,1079.4814,1997.2419
601,1020.9051,1994.4781,-76.9350,1732.5629,2000.5203,1014.8630,1020.9051,1994.4781
602,1089.8003,2132.9843,-60.9004,1850.3747,2136.5276,1086.2571,1089.8003,2132.9843
603,1187.3091,2376.3687,52.3219,2059.9902,2378.6666,1185.0112,1187.3091,2376.3687
604,1201.3619,2385.0237,32.2653,2066.2660,2385.9026,1200.4831,1201.3619,2385.0237
605,1140.3350,2456.7377,-60.4168,2131.9875,2459.5047,1137.5680,1140.3350,2456.7377
606,1451.9117,2502.3707,44.6150,2177.7642,2504.2621,1450.0202,1451.9117,2502.3707
607,1200.0952,2464.4269,-53.3919,2136.5003,2466.6776,1197.8445,1200.0952,2464.4269
608,1220.9958,2440.8557,-65.4465,2116.8804,2444.3570,1217.4946,1220.9958,2440.8557
609,1199.8111,2446.7694,-51.5235,2120.9739,2448.8947,1197.6858,1199.8111,2446.7694
610,1182.8636,2160.9212,-194.8566,1904.3579,2198.3126,1145.4721,1182.8636,2160.9212
611,1243.7744,2306.3950,-25.6618,1999.9433,2307.0143,1243.1550,1243.7744,2306.3950
612,1063.5010,2103.9605,102.5487,1830.7563,2113.9714,1053.4900,1063.5010,2103.9605
613,1258.4689,2625.0972,52.6934,2275.8747,2627.1259,1256.4402,1258.4689,2625.0972
614,1290.8346,2646.4490,42.6497,2293.3110,2647.7895,1289.4941,1290.8346,2646.4490
615,1172.8043,2523.1221,-3.2023,2186.8967,2523.1296,1172.7967,1172.8043,2523.1221
616,1410.9742,2587.5719,6.8484,2243.9965,2587.6118,1410.9344,1410.9742,2587.5719
617,1250.5193,2506.3693,35.3851,2171.4462,2507.3655,1249.5231,1250.5193,2506.3693
618,1234.3171,2498.3570,18.3620,2163.9254,2498.6237,1234.0504,1234.3171,2498.3570
619,1384.4760,2658.9749,-17.5670,2303.5973,2659.2170,1384.2339,1384.4760,2658.9749
620,1279.0012,2286.0427,106.2687,1992.9534,2297.1346,1267.9093,1279.0012,2286.0427
621,1326.6323,2559.9507,8.2703,2217.5195,2560.0062,1326.5768,1326.6323,2559.9507
622,1351.8622,2655.4555,43.8572,2301.0727,2656.9293,1350.3884,1351.8622,2655.4555
623,1223.9376,2421.7294,-141.5928,2111.6100,2438.2398,1207.4273,1223.9376,2421.7294
624,1256.7595,2499.6919,-29.0775,2165.3935,2500.3718,1256.0796,1256.7595,2499.6919
625,1230.7162,2556.0886,9.2568,2214.2016,2556.1532,1230.6515,1230.7162,2556.0886
626,1232.6221,2554.0623,-10.9661,2212.4102,2554.1533,1232.5311,1232.6221,2554.0623
627,661.5155,2661.1654,208.9751,2426.9350,2682.7711,639.9098,661.5155,2661.1654
628,1298.6077,2363.6403,-136.5492,2063.8975,2380.8688,1281.3793,1298.6077,2363.6403
629,1245.2159,2520.4529,-9.8748,2182.8948,2520.5293,1245.1394,1245.2159,2520.4529
630,1199.6695,2559.7278,-9.6493,2218.3024,2559.7963,1199.6010,1199.6695,2559.7278
631,1428.5297,2902.4051,-301.2789,2567.2530,2961.6120,1369.3229,1428.5297,2902.4051
632,1273.5193,2717.3222,6.3293,2354.8353,2717.3500,1273.4915,1273.5193,2717.3222
633,1342.1393,2603.4132,-55.2881,2257.0169,2605.8321,1339.7203,1342.1393,2603.4132
634,1212.8720,2520.1780,-3.2053,2183.0559,2520.1858,1212.8642,1212.8720,2520.1780
635,1184.1507,2183.3840,110.9864,1902.8601,2195.5629,1171.9717,1184.1507,2183.3840
636,1162.1154,2382.5973,121.4420,2074.2887,2394.5638,1150.1488,1162.1154,2382.5973
637,1065.8690,2151.5291,91.2435,1869.9952,2159.1442,1058.2539,1065.8690,2151.5291
638,1275.8003,2555.8794,11.9584,2213.5544,2555.9911,1275.6886,1275.8003,2555.8794
639,1260.0841,2534.7932,22.5108,2195.5537,2535.1906,1259.6867,1260.0841,2534.7932
640,1214.2828,2497.7387,-36.0445,2164.2823,2498.7502,1213.2713,1214.2828,2497.7387
641,1217.1697,2445.5058,-37.1496,2118.8547,2446.6283,1216.0472,1217.1697,2445.5058
642,1421.3488,3007.3149,-288.6454,2653.2396,3058.2147,1370.4490,1421.3488,3007.3149
643,1204.9918,2172.0076,72.7365,1888.9793,2177.4481,1199.5514,1204.9918,2172.0076
644,1361.0807,2855.5367,123.3233,2483.0708,2865.6450,1350.9724,1361.0807,2855.5367
645,1211.6117,2392.1112,119.4221,2081.9879,2404.0710,1199.6518,1211.6117,2392.1112
646,959.0201,1840.1937,-26.0287,1594.7671,1840.9619,958.2519,959.0201,1840.1937
647,991.4093,2065.3237,-68.1609,1792.9894,2069.6325,987.1004,991.4093,2065.3237
648,1301.3083,2569.2642,14.9718,2225.2616,2569.4409,1301.1316,1301.3083,2569.2642
649,1278.4309,2550.8615,0.2493,2209.1130,2550.8616,1278.4309,1278.4309,2550.8615
650,1026.6865,2166.2874,96.5404,1884.3430,2174.4079,1018.5660,1026.6865,2166.2874
651,1058.3098,2187.5026,103.7996,1903.2748,2196.9650,1048.8475,1058.3098,2187.5026
652,1225.5345,2676.6693,-24.7532,2321.2025,2677.0914,1225.1124,1225.5345,2676.6693
653,984.2770,2402.5463,152.1069,2108.4754,2418.6761,968.1472,984.2770,2402.5463
654,1235.1999,2493.8936,-40.2331,2160.9311,2495.1783,1233.9152,1235.1999,2493.8936
655,1153.2562,1323.3277,-259.1721,1325.3568,1511.0579,965.5261,1153.2562,1323.3277
656,1185.0582,2535.3044,-2.7068,2197.1960,2535.3098,1185.0527,1185.0582,2535.3044
657,1474.2156,2613.9496,9.3044,2269.9733,2614.0256,1474.1396,1474.2156,2613.9496
658,1282.1224,2588.0464,21.1840,2241.6458,2588.3899,1281.7788,1282.1224,2588.0464
659,1288.0298,2535.9977,-14.5576,2196.4745,2536.1675,1287.8600,1288.0298,2535.9977
660,984.3233,1216.2183,92.7581,1129.9290,1248.7562,951.7855,984.3233,1216.2183
661,1045.8383,1951.6170,-252.7536,1747.3306,2017.3732,980.0821,1045.8383,1951.6170
662,1173.6525,2394.7616,68.9416,2077.4947,2398.6416,1169.7725,1173.6525,2394.7616
663,1189.7452,2408.2084,76.2087,2089.7919,2412.9563,1184.9972,1189.7452,2408.2084
664,1328.7574,2614.5577,32.7757,2265.0868,2615.3926,1327.9225,1328.7574,2614.5577
665,1330.0226,2472.3788,12.0685,2143.2999,2472.5063,1329.8951,1330.0226,2472.3788
666,1304.8662,2674.7565,29.8914,2317.2137,2675.4084,1304.2143,1304.8662,2674.7565
667,1346.8148,2670.6670,60.7046,2315.2827,2673.4448,1344.0370,1346.8148,2670.6670
668,1233.1184,2400.1602,-28.0386,2079.4294,2400.8334,1232.4452,1233.1184,2400.1602
669,1220.5311,2307.3431,16.6962,1999.5451,2307.5995,1220.2747,1220.5311,2307.3431
670,979.1672,2272.5214,119.7164,1985.1800,2283.5093,968.1793,979.1672,2272.5214
671,1279.5172,2548.0877,72.6473,2210.3000,2552.2344,1275.3704,1279.5172,2548.0877
672,840.2136,2366.1774,-305.2543,2143.8751,2424.9750,781.4160,840.2136,2366.1774
673,1266.8646,2535.3074,-5.5969,2195.6621,2535.3321,1266.8399,1266.8646,2535.3074
674,1263.8095,2537.8351,-11.6539,2197.9283,2537.9417,1263.7029,1263.8095,2537.8351
675,1358.7584,2571.4778,-4.6224,2228.1763,2571.4954,1358.7408,1358.7584,2571.4778
676,1210.5102,2537.0585,-24.3797,2198.3286,2537.5064,1210.0623,1210.5102,2537.0585
677,1209.3281,2579.5847,-3.2358,2235.4415,2579.5923,1209.3205,1209.3281,2579.5847
678,1197.3566,2572.5497,1.2812,2229.6682,2572.5509,1197.3554,1197.3566,2572.5497
679,1244.1375,2444.0635,24.1463,2117.1496,2444.5492,1243.6518,1244.1375,2444.0635
680,1246.1091,2398.9040,26.5868,2078.5458,2399.5169,1245.4963,1246.1091,2398.9040
681,991.9718,1946.3017,-47.9295,1687.6948,1948.7028,989.5706,991.9718,1946.3017
682,1191.0100,2426.9480,31.2481,2102.6153,2427.7375,1190.2205,1191.0100,2426.9480
683,1185.1437,2451.7838,38.1188,2124.7241,2452.9300,1183.9975,1185.1437,2451.7838
684,1293.4394,2567.5632,26.9867,2224.0871,2568.1345,1292.8681,1293.4394,2567.5632
685,1251.3148,2523.1294,41.1989,2186.2831,2524.4626,1249.9816,1251.3148,2523.1294
686,950.4273,2200.0960,0.4917,1911.2049,2200.0962,950.4271,950.4273,2200.0960
687,1008.8747,2323.4980,17.5713,2018.2366,2323.7328,1008.6399,1008.8747,2323.4980
688,1253.2101,2511.8854,13.2232,2175.4788,2512.0243,1253.0712,1253.2101,2511.8854
689,1231.5059,2544.7167,36.9336,2205.0961,2545.7547,1230.4679,1231.5059,2544.7167
690,1279.0565,2571.8929,-32.0036,2228.0249,2572.6847,1278.2647,1279.0565,2571.8929
691,1262.9470,2533.7835,18.1920,2194.5506,2534.0438,1262.6866,1262.9470,2533.7835
692,1162.5424,2034.7863,122.9207,1780.9164,2051.7779,1145.5508,1162.5424,2034.7863
693,1319.7136,2477.9493,23.3953,2147.8676,2478.4217,1319.2413,1319.7136,2477.9493
694,1282.5650,2289.5080,-22.3278,1987.9318,2290.0029,1282.0701,1282.5650,2289.5080
695,939.9786,1714.2915,-31.2208,1487.9119,1715.5483,938.7218,939.9786,1714.2915
696,1277.9411,2639.1572,-16.7940,2286.1415,2639.3644,1277.7339,1277.9411,2639.1572
697,1268.5118,2569.7093,39.5252,2226.5462,2570.9088,1267.3123,1268.5118,2569.7093
698,1253.6362,2575.8228,6.1571,2231.0168,2575.8515,1253.6075,1253.6362,2575.8228
699,1575.5806,2897.8066,273.6259,2557.0731,2952.1945,1521.1928,1575.5806,2897.8066
700,626.1578,1644.8469,-107.0580,1449.8432,1655.9764,615.0282,626.1578,1644.8469
701,1249.1593,2544.6752,50.6687,2205.6219,2546.6539,1247.1806,1249.1593,2544.6752
702,1411.9988,2810.0009,-1.8170,2433.5443,2810.0033,1411.9965,1411.9988,2810.0009
703,1023.2868,2362.2590,-55.4268,2054.1011,2364.5495,1020.9963,1023.2868,2362.2590
704,1280.2719,2510.7702,-20.5019,2174.8231,2511.1117,1279.9304,1280.2719,2510.7702
705,1313.2671,3249.2876,-8.8330,2831.1820,3249.3279,1313.2268,1313.2671,3249.2876
706,1179.9796,1973.0434,-3.1655,1719.6311,1973.0560,1179.9669,1179.9796,1973.0434
707,1301.8871,2495.8117,62.4843,2164.8173,2499.0729,1298.6259,1301.8871,2495.8117
708,1167.5024,1924.3582,28.5051,1679.8694,1925.4303,1166.4303,1167.5024,1924.3582
709,1237.4844,2500.8440,47.7635,2167.4125,2502.6472,1235.6812,1237.4844,2500.8440
710,981.5141,2077.1581,-136.7397,1815.2931,2093.9658,964.7064,981.5141,2077.1581
711,1240.2436,2463.9978,-41.0541,2135.0851,2465.3736,1238.8678,1240.2436,2463.9978
712,1225.0252,2582.8769,59.3560,2240.1830,2585.4666,1222.4355,1225.0252,2582.8769
713,1020.5197,2234.6307,-68.0756,1941.2504,2238.4358,1016.7146,1020.5197,2234.6307
714,1034.6116,2090.2187,-95.2480,1817.7149,2098.7441,1026.0862,1034.6116,2090.2187
715,1018.9891,2147.2128,-81.3124,1865.6662,2153.0429,1013.1589,1018.9891,2147.2128
716,1061.1931,2189.8968,-101.2161,1904.8910,2198.9015,1052.1884,1061.1931,2189.8968
717,1219.9926,2463.7070,63.0357,2136.4574,2466.8937,1216.8059,1219.9926,2463.7070
718,804.4737,2455.5488,29.8137,2168.9029,2456.0869,803.9355,804.4737,2455.5488
719,985.8952,1906.8448,-117.8458,1664.2596,1921.6853,971.0547,985.8952,1906.8448
720,996.3877,2363.3477,-56.1284,2057.3870,2365.6485,994.0869,996.3877,2363.3477
721,1278.6447,2717.7292,-0.8379,2354.9897,2717.7297,1278.6442,1278.6447,2717.7292
722,1525.4984,2662.6704,-60.1730,2316.4460,2665.8456,1522.3233,1525.4984,2662.6704
723,985.3694,1876.2954,-112.2055,1637.1816,1890.2096,971.4552,985.3694,1876.2954
724,1066.6686,2420.0404,-61.1102,2103.3782,2422.7942,1063.9148,1066.6686,2420.0404
725,1037.5288,2409.6937,-76.5375,2097.7458,2413.9497,1033.2728,1037.5288,2409.6937
726,1200.4569,2482.2964,36.7232,2151.0574,2483.3476,1199.4057,1200.4569,2482.2964
727,1297.8253,2594.8552,-13.4783,2247.3318,2594.9952,1297.6852,1297.8253,2594.8552
728,1319.9360,2583.5596,7.3365,2237.6415,2583.6022,1319.8934,1319.9360,2583.5596
729,980.8334,1847.5765,-29.3540,1601.8718,1848.5695,979.8404,980.8334,1847.5765
730,995.0296,1871.4806,-12.7759,1621.9847,1871.6667,994.8434,995.0296,1871.4806
731,1016.0551,2365.3150,-24.6010,2055.6284,2365.7634,1015.6067,1016.0551,2365.3150
732,975.7905,2371.7817,-83.5874,2069.8102,2376.7688,970.8034,975.7905,2371.7817
733,1023.8122,2163.4818,90.0585,1881.0044,2170.5544,1016.7395,1023.8122,2163.4818
734,943.4283,1705.2890,-10.8528,1479.7307,1705.4435,943.2737,943.4283,1705.2890
